AREA,AREA_TITLE,AREA_TYPE,PRIM_STATE,NAICS,NAICS_TITLE,I_GROUP,OWN_CODE,OCC_CODE,OCC_TITLE,O_GROUP,TOT_EMP,EMP_PRSE,JOBS_1000,LOC_QUOTIENT,PCT_TOTAL,H_MEAN,A_MEAN,MEAN_PRSE,H_PCT10,H_PCT25,H_MEDIAN,H_PCT75,H_PCT90,A_PCT10,A_PCT25,A_MEDIAN,A_PCT75,A_PCT90,ANNUAL,HOURLY
99,U.S.,1,US,0,Cross-industry,cross-industry,1235,11-0000,Management Occupations,major,7947300,0.2,,,,60.81,126480,0.2,24.84,35.7,52.77,76.71,#,51670,74250,109760,159550,#,,
99,U.S.,1,US,0,Cross-industry,cross-industry,1235,11-1000,Top Executives,minor,2601070,0.4,,,,62.46,129920,0.2,21.41,32.57,51.05,80.73,#,44530,67740,106180,167930,#,,
99,U.S.,1,US,0,Cross-industry,cross-industry,1235,11-1010,Chief Executives,broad,202360,1.0,,,,95.12,197840,0.5,30.18,55.06,89.4,#,#,62780,114530,185950,#,#,,
99,U.S.,1,US,0,Cross-industry,cross-industry,1235,11-2021,Marketing Managers,detailed,270200,1.0,,,,74.27,154470,0.4,35.88,48.89,68.35,92.19,#,74620,101690,142170,191760,#,,
99,U.S.,1,US,0,Cross-industry,cross-industry,1235,11-2022,Sales Managers,detailed,390170,0.7,,,,70.95,147580,0.3,30.37,43.14,63.6,89.04,#,63170,89720,132290,185200,#,,
99,U.S.,1,US,0,Cross-industry,cross-industry,1235,11-3000,Operations Specialties Managers,minor,2012370,0.3,,,,66.63,138590,0.2,33,43.79,60.12,81,#,68640,91070,125040,168480,#,,
99,U.S.,1,US,0,Cross-industry,cross-industry,1235,11-3030,Financial Managers,broad,653080,0.5,,,,72.84,151510,0.3,34.05,46.04,64.51,89.44,#,70830,95770,134180,186030,#,,
99,U.S.,1,US,0,Cross-industry,cross-industry,1235,11-3050,Industrial Production Managers,broad,179570,0.8,,,,56.82,118190,0.3,32.26,40.86,52.3,67.93,87.12,67100,84990,108790,141290,181220,,
99,U.S.,1,US,0,Cross-industry,cross-industry,1235,11-3060,Purchasing Managers,broad,70960,0.9,,,,63.78,132660,0.4,35.85,46.35,60.55,76.04,95.01,74570,96400,125940,158160,197630,,
99,U.S.,1,US,0,Cross-industry,cross-industry,1235,11-3120,Human Resources Managers,broad,156600,0.6,,,,64.7,134580,0.3,34.22,44.1,58.28,78.23,#,71180,91730,121220,162720,#,,
99,U.S.,1,US,0,Cross-industry,cross-industry,1235,11-9000,Other Management Occupations,minor,2569880,0.3,,,,51.4,106910,0.2,22.29,31.5,45.76,64.36,86.41,46370,65510,95180,133870,179730,,
99,U.S.,1,US,0,Cross-industry,cross-industry,1235,11-9020,Construction Managers,broad,285640,1.0,,,,51.57,107260,0.5,27.35,35.32,46.72,61.95,81.28,56880,73460,97180,128860,169070,,
99,U.S.,1,US,0,Cross-industry,cross-industry,1235,11-9032,"Education Administrators, Kindergarten through Secondary",detailed,262480,0.8,,,,*,103010,0.6,*,*,*,*,*,65150,78560,98490,124380,152500,True,
99,U.S.,1,US,0,Cross-industry,cross-industry,1235,11-9033,"Education Administrators, Postsecondary",detailed,140880,1.2,,,,55.38,115200,0.8,27.07,34.63,46.87,66.94,95.87,56310,72030,97500,139220,199400,,
99,U.S.,1,US,0,Cross-industry,cross-industry,1235,11-9039,"Education Administrators, All Other",detailed,43580,2.5,,,,45.11,93830,0.8,22.94,30.33,42.11,56.57,70.59,47710,63090,87580,117670,146820,,
99,U.S.,1,US,0,Cross-industry,cross-industry,1235,11-9050,Food Service Managers,broad,197010,1.3,,,,29.33,61000,0.6,16.29,20.95,27.21,35.25,45.56,33880,43580,56590,73330,94770,,
99,U.S.,1,US,0,Cross-industry,cross-industry,1235,11-9071,Gambling Managers,detailed,3240,3.9,,,,41.08,85440,1.2,22.37,28.19,36.28,47.77,67.15,46540,58640,75470,99350,139680,,
99,U.S.,1,US,0,Cross-industry,cross-industry,1235,11-9080,Lodging Managers,broad,31790,3.0,,,,31.38,65270,1.3,15.86,20.4,27.25,36.86,51.95,32980,42430,56670,76660,108060,,
99,U.S.,1,US,0,Cross-industry,cross-industry,1235,11-9120,Natural Sciences Managers,broad,75870,4.9,,,,74.49,154930,1.9,34.33,48.92,66.32,91.35,#,71400,101750,137940,190000,#,,
99,U.S.,1,US,0,Cross-industry,cross-industry,1235,11-9160,Emergency Management Directors,broad,10210,1.5,,,,40.53,84310,0.9,20.3,26.76,36.66,50.42,68.69,42230,55660,76250,104880,142870,,
99,U.S.,1,US,0,Cross-industry,cross-industry,1235,11-9171,Funeral Home Managers,detailed,10010,3.9,,,,44.01,91530,4.0,20.67,26.63,35.67,51.09,75.45,42990,55400,74200,106260,156940,,
99,U.S.,1,US,0,Cross-industry,cross-industry,1235,13-1000,Business Operations Specialists,minor,5632020,0.3,,,,37.66,78320,0.2,19,25.38,34.35,46.68,60.88,39510,52800,71450,97100,126620,,
99,U.S.,1,US,0,Cross-industry,cross-industry,1235,13-1032,"Insurance Appraisers, Auto Damage",detailed,13220,6.6,,,,32.95,68540,0.9,22.31,26.77,31.52,38.48,45.98,46410,55680,65550,80030,95630,,
99,U.S.,1,US,0,Cross-industry,cross-industry,1235,13-1070,Human Resources Workers,broad,718120,0.5,,,,33.63,69950,0.3,17.66,23.13,30.81,41.04,53.58,36730,48110,64070,85370,111450,,
99,U.S.,1,US,0,Cross-industry,cross-industry,1235,13-1071,Human Resources Specialists,detailed,647810,0.5,,,,33.38,69430,0.2,18.13,23.17,30.52,40.36,52.57,37710,48190,63490,83940,109350,,
99,U.S.,1,US,0,Cross-industry,cross-industry,1235,13-1075,Labor Relations Specialists,detailed,70050,2.0,,,,36,74870,1.5,9.39,22.33,35.21,48.05,61.83,19520,46440,73240,99940,128600,,
99,U.S.,1,US,0,Cross-industry,cross-industry,1235,13-1081,Logisticians,detailed,184230,1.0,,,,38.38,79830,0.5,21.25,27.79,36.67,47.31,58.93,44190,57810,76270,98400,122580,,
99,U.S.,1,US,0,Cross-industry,cross-industry,1235,13-1110,Management Analysts,broad,734000,0.9,,,,46.91,97580,0.4,24.51,31.77,42.14,56.11,75.41,50990,66080,87660,116710,156840,,
99,U.S.,1,US,0,Cross-industry,cross-industry,1235,13-2000,Financial Specialists,minor,2755470,0.4,,,,41.11,85510,0.3,20.14,26.52,35.5,48.69,67.5,41890,55150,73840,101270,140390,,
99,U.S.,1,US,0,Cross-industry,cross-industry,1235,13-2030,Budget Analysts,broad,49260,1.1,,,,39.75,82690,0.4,24.63,30.07,37.97,48.11,58.35,51220,62540,78970,100060,121360,,
99,U.S.,1,US,0,Cross-industry,cross-industry,1235,13-2040,Credit Analysts,broad,72090,2.4,,,,41.43,86170,1.2,21.28,26.98,36.05,49.92,70.52,44250,56120,74970,103840,146690,,
99,U.S.,1,US,0,Cross-industry,cross-industry,1235,13-2052,Personal Financial Advisors,detailed,218050,1.7,,,,58.89,122490,1.2,21.2,28.58,42.95,75.49,#,44100,59450,89330,157020,#,,
99,U.S.,1,US,0,Cross-industry,cross-industry,1235,13-2060,Financial Examiners,broad,68210,2.2,,,,44.58,92730,1.4,21.1,28.39,39.15,54.41,76.5,43890,59050,81430,113170,159120,,
99,U.S.,1,US,0,Cross-industry,cross-industry,1235,13-2071,Credit Counselors,detailed,30770,3.6,,,,24.01,49940,0.9,15.46,18.1,22.2,27.51,35.77,32160,37640,46170,57220,74410,,
99,U.S.,1,US,0,Cross-industry,cross-industry,1235,13-2072,Loan Officers,detailed,308700,1.2,,,,36.99,76930,0.7,16.18,21.89,30.75,44.95,64.35,33650,45540,63960,93490,133850,,
99,U.S.,1,US,0,Cross-industry,cross-industry,1235,13-2082,Tax Preparers,detailed,62600,2.9,,,,25.34,52710,2.2,10.62,14.09,21.3,31.71,44.97,22090,29310,44300,65960,93540,,
99,U.S.,1,US,0,Cross-industry,cross-industry,1235,15-1211,Computer Systems Analysts,detailed,574450,1.0,,,,47.61,99020,0.4,27.17,34.63,45.06,58.12,73.11,56510,72030,93730,120890,152060,,
99,U.S.,1,US,0,Cross-industry,cross-industry,1235,15-1212,Information Security Analysts,detailed,138000,1.7,,,,51.72,107580,0.4,28.88,37.71,49.8,63.89,78.51,60060,78440,103590,132890,163300,,
99,U.S.,1,US,0,Cross-industry,cross-industry,1235,15-1230,Computer Support Specialists,broad,819040,0.7,,,,28.92,60160,0.3,16.23,20.42,26.69,35.3,46.17,33770,42470,55510,73420,96020,,
99,U.S.,1,US,0,Cross-industry,cross-industry,1235,15-1231,Computer Network Support Specialists,detailed,184220,1.4,,,,34.16,71040,0.5,19.53,24.39,31.47,41.31,53.1,40620,50730,65450,85930,110450,,
99,U.S.,1,US,0,Cross-industry,cross-industry,1235,15-1232,Computer User Support Specialists,detailed,634820,0.8,,,,27.4,57000,0.3,15.78,19.58,25.33,32.93,42.76,32830,40730,52690,68500,88940,,
99,U.S.,1,US,0,Cross-industry,cross-industry,1235,15-1241,Computer Network Architects,detailed,159350,1.6,,,,57.32,119230,0.6,32.31,42.37,56.14,70.9,84.41,67190,88120,116780,147480,175570,,
99,U.S.,1,US,0,Cross-industry,cross-industry,1235,15-1251,Computer Programmers,detailed,178140,1.8,,,,45.98,95640,1.6,24.73,32.39,42.88,55.87,70.22,51440,67370,89190,116220,146050,,
99,U.S.,1,US,0,Cross-industry,cross-industry,1235,15-2010,Actuaries,broad,22480,3.3,,,,59.22,123180,1.1,31.74,40.17,53.38,72.62,94.24,66030,83550,111030,151060,196010,,
99,U.S.,1,US,0,Cross-industry,cross-industry,1235,15-2030,Operations Research Analysts,broad,96220,1.7,,,,44.37,92280,0.6,23.1,30.32,41.44,55.33,69.39,48050,63070,86200,115080,144330,,
99,U.S.,1,US,0,Cross-industry,cross-industry,1235,15-2040,Statisticians,broad,38860,2.7,,,,46.72,97170,1.1,25.33,33.08,44.36,58.56,72.52,52700,68810,92270,121800,150840,,
99,U.S.,1,US,0,Cross-industry,cross-industry,1235,17-2060,Computer Hardware Engineers,broad,64710,3.9,,,,60.65,126140,1.8,33.7,43.42,57.48,73.77,92.36,70100,90310,119560,153450,192110,,
99,U.S.,1,US,0,Cross-industry,cross-industry,1235,17-2112,Industrial Engineers,detailed,290190,1.4,,,,45.01,93610,0.3,27.86,34.44,42.76,53.54,65.83,57950,71630,88950,111360,136930,,
99,U.S.,1,US,0,Cross-industry,cross-industry,1235,17-2140,Mechanical Engineers,broad,293960,1.4,,,,45.94,95560,0.4,28.08,34.56,43.35,54.99,67.82,58410,71880,90160,114380,141060,,
99,U.S.,1,US,0,Cross-industry,cross-industry,1235,17-3010,Drafters,broad,187670,1.2,,,,29.03,60390,0.3,17.53,22.02,27.87,34.73,42.29,36470,45790,57960,72240,87970,,
99,U.S.,1,US,0,Cross-industry,cross-industry,1235,17-3013,Mechanical Drafters,detailed,51620,1.7,,,,29.56,61490,0.5,17.84,22.19,28.01,35.43,44.43,37100,46150,58270,73700,92410,,
99,U.S.,1,US,0,Cross-industry,cross-industry,1235,17-3019,"Drafters, All Other",detailed,13850,4.1,,,,27.18,56530,1.0,16.39,19.99,26.2,32.35,39.99,34100,41570,54500,67300,83170,,
99,U.S.,1,US,0,Cross-industry,cross-industry,1235,19-1000,Life Scientists,minor,311840,2.0,,,,44.09,91710,0.8,22.26,28.58,39.01,54.07,72.11,46310,59450,81130,112460,149980,,
99,U.S.,1,US,0,Cross-industry,cross-industry,1235,19-1011,Animal Scientists,detailed,2680,7.3,,,,35.84,74540,2.3,19.58,24.16,30.52,41.87,60.21,40720,50260,63490,87080,125250,,
99,U.S.,1,US,0,Cross-industry,cross-industry,1235,19-1020,Biological Scientists,broad,110600,4.0,,,,44.01,91550,1.3,22.79,29.59,40.01,53.01,71.56,47390,61560,83220,110250,148850,,
99,U.S.,1,US,0,Cross-industry,cross-industry,1235,19-1029,"Biological Scientists, All Other",detailed,41680,2.5,,,,43.22,89910,0.7,23.59,31.12,41,50.55,65.88,49060,64720,85290,105140,137030,,
99,U.S.,1,US,0,Cross-industry,cross-industry,1235,19-1031,Conservation Scientists,detailed,22020,1.9,,,,33.18,69020,0.9,18.86,24.01,30.78,39.78,48.24,39230,49930,64020,82740,100350,,
99,U.S.,1,US,0,Cross-industry,cross-industry,1235,19-1040,Medical Scientists,broad,133620,2.9,,,,48.45,100780,1.1,24.12,30.32,43.28,60.11,78.5,50160,63060,90010,125030,163280,,
99,U.S.,1,US,0,Cross-industry,cross-industry,1235,19-1042,"Medical Scientists, Except Epidemiologists",detailed,126110,3.1,,,,48.94,101800,1.1,24.15,30.48,43.99,60.71,79.16,50240,63400,91510,126270,164650,,
99,U.S.,1,US,0,Cross-industry,cross-industry,1235,19-1090,Miscellaneous Life Scientists,broad,6540,6.1,,,,44.31,92170,3.3,20.12,27.61,39.42,53.55,74.45,41840,57440,82000,111380,154850,,
99,U.S.,1,US,0,Cross-industry,cross-industry,1235,19-1099,"Life Scientists, All Other",detailed,6540,6.1,,,,44.31,92170,3.3,20.12,27.61,39.42,53.55,74.45,41840,57440,82000,111380,154850,,
99,U.S.,1,US,0,Cross-industry,cross-industry,1235,19-2000,Physical Scientists,minor,255860,1.2,,,,44.98,93560,0.7,22.15,28.97,40.03,56.14,75.05,46070,60260,83250,116770,156090,,
99,U.S.,1,US,0,Cross-industry,cross-industry,1235,19-2032,Materials Scientists,detailed,6930,7.0,,,,50.21,104450,1.7,26.35,35.16,47.82,62.93,79.47,54810,73130,99460,130890,165290,,
99,U.S.,1,US,0,Cross-industry,cross-industry,1235,19-2090,Miscellaneous Physical Scientists,broad,19050,2.3,,,,52.93,110100,1.6,23.94,34.76,51.55,67.38,82.12,49800,72310,107210,140140,170800,,
99,U.S.,1,US,0,Cross-industry,cross-industry,1235,19-2099,"Physical Scientists, All Other",detailed,19050,2.3,,,,52.93,110100,1.6,23.94,34.76,51.55,67.38,82.12,49800,72310,107210,140140,170800,,
99,U.S.,1,US,0,Cross-industry,cross-industry,1235,19-3010,Economists,broad,17520,3.3,,,,58.11,120880,1.5,28.47,38.39,52.09,72.7,95.3,59220,79860,108350,151210,198230,,
99,U.S.,1,US,0,Cross-industry,cross-industry,1235,19-3094,Political Scientists,detailed,6010,5.3,,,,59.66,124100,2.4,30.21,43.65,60.27,75.82,82.12,62840,90780,125350,157710,170800,,
99,U.S.,1,US,0,Cross-industry,cross-industry,1235,19-4020,Biological Technicians,broad,80640,3.0,,,,23.79,49490,0.6,14.63,17.44,22.28,28.91,35.87,30440,36280,46340,60130,74600,,
99,U.S.,1,US,0,Cross-industry,cross-industry,1235,19-4030,Chemical Technicians,broad,63490,2.1,,,,25.82,53700,0.7,15.25,18.45,23.95,31.11,39.07,31720,38380,49820,64700,81260,,
99,U.S.,1,US,0,Cross-industry,cross-industry,1235,19-4050,Nuclear Technicians,broad,6160,5.5,,,,40.29,83810,1.8,25.76,31.56,40.48,48.2,56.1,53570,65650,84190,100260,116680,,
99,U.S.,1,US,0,Cross-industry,cross-industry,1235,19-4060,Social Science Research Assistants,broad,35330,5.8,,,,25.75,53560,1.1,14.95,18.87,23.66,30.01,39.08,31090,39250,49210,62420,81280,,
99,U.S.,1,US,0,Cross-industry,cross-industry,1235,19-4092,Forensic Science Technicians,detailed,16640,1.5,,,,31.2,64890,0.9,17.61,22.33,29.13,38.14,48.51,36630,46460,60590,79330,100910,,
99,U.S.,1,US,0,Cross-industry,cross-industry,1235,21-1091,Health Education Specialists,detailed,57920,1.8,,,,29.86,62120,1.5,16.21,20.13,27.16,37.16,48.99,33720,41870,56500,77300,101890,,
99,U.S.,1,US,0,Cross-industry,cross-industry,1235,23-1012,Judicial Law Clerks,detailed,14690,1.3,,,,30.7,63860,2.7,16.45,20.86,27.65,36.61,50.78,34220,43400,57510,76140,105620,,
99,U.S.,1,US,0,Cross-industry,cross-industry,1235,23-2000,Legal Support Workers,minor,432990,1.0,,,,27.83,57890,0.5,15.68,19.43,25.46,32.69,43.31,32610,40420,52960,68000,90080,,
99,U.S.,1,US,0,Cross-industry,cross-industry,1235,23-2090,Miscellaneous Legal Support Workers,broad,100270,2.4,,,,29.88,62150,3.3,15.02,19.06,25.53,35.03,55.34,31240,39640,53110,72860,115110,,
99,U.S.,1,US,0,Cross-industry,cross-industry,1235,23-2099,"Legal Support Workers, All Other",detailed,45310,2.5,,,,35.25,73320,4.5,15.69,21.31,28.62,46.55,67.56,32640,44330,59540,96820,140520,,
99,U.S.,1,US,0,Cross-industry,cross-industry,1235,25-1000,Postsecondary Teachers,minor,1369930,1.0,,,,*,93330,0.9,*,*,*,*,*,37680,54340,76990,115700,169280,True,
99,U.S.,1,US,0,Cross-industry,cross-industry,1235,25-1010,"Business Teachers, Postsecondary",broad,79810,1.6,,,,*,107270,1.3,*,*,*,*,*,39720,58350,88010,137730,202080,True,
99,U.S.,1,US,0,Cross-industry,cross-industry,1235,25-1021,"Computer Science Teachers, Postsecondary",detailed,32230,1.8,,,,*,98680,1.4,*,*,*,*,*,44240,60330,85540,124370,170270,True,
99,U.S.,1,US,0,Cross-industry,cross-industry,1235,25-1022,"Mathematical Science Teachers, Postsecondary",detailed,49550,1.4,,,,*,86760,1.1,*,*,*,*,*,38730,53970,73650,106580,154750,True,
99,U.S.,1,US,0,Cross-industry,cross-industry,1235,25-1031,"Architecture Teachers, Postsecondary",detailed,6910,3.6,,,,*,100820,2.6,*,*,*,*,*,45960,66990,90880,126130,178310,True,
99,U.S.,1,US,0,Cross-industry,cross-industry,1235,25-1032,"Engineering Teachers, Postsecondary",detailed,38520,1.9,,,,*,114130,1.3,*,*,*,*,*,55440,76510,103600,139610,188980,True,
99,U.S.,1,US,0,Cross-industry,cross-industry,1235,25-1040,"Life Sciences Teachers, Postsecondary",broad,61480,1.6,,,,*,100400,2.0,*,*,*,*,*,46580,61930,86390,124980,174850,True,
99,U.S.,1,US,0,Cross-industry,cross-industry,1235,25-1041,"Agricultural Sciences Teachers, Postsecondary",detailed,8520,4.1,,,,*,96200,1.7,*,*,*,*,*,47100,65660,90340,120890,157650,True,
99,U.S.,1,US,0,Cross-industry,cross-industry,1235,25-1042,"Biological Science Teachers, Postsecondary",detailed,51500,1.6,,,,*,101320,2.3,*,*,*,*,*,46430,61380,85600,126200,179450,True,
99,U.S.,1,US,0,Cross-industry,cross-industry,1235,25-1050,"Physical Sciences Teachers, Postsecondary",broad,52810,1.5,,,,*,98580,1.0,*,*,*,*,*,47750,62470,86170,121840,168490,True,
99,U.S.,1,US,0,Cross-industry,cross-industry,1235,25-1052,"Chemistry Teachers, Postsecondary",detailed,21530,1.7,,,,*,94630,1.0,*,*,*,*,*,47840,60320,80400,114270,163670,True,
99,U.S.,1,US,0,Cross-industry,cross-industry,1235,25-1053,"Environmental Science Teachers, Postsecondary",detailed,5860,3.2,,,,*,94520,1.9,*,*,*,*,*,42830,60650,84740,114720,159640,True,
99,U.S.,1,US,0,Cross-industry,cross-industry,1235,25-1054,"Physics Teachers, Postsecondary",detailed,13670,2.2,,,,*,101290,1.3,*,*,*,*,*,49340,64990,90400,125290,169240,True,
99,U.S.,1,US,0,Cross-industry,cross-industry,1235,25-1060,"Social Sciences Teachers, Postsecondary",broad,115040,1.6,,,,*,94270,1.0,*,*,*,*,*,41510,58490,80990,115270,166450,True,
99,U.S.,1,US,0,Cross-industry,cross-industry,1235,25-1063,"Economics Teachers, Postsecondary",detailed,13080,2.2,,,,*,123720,1.3,*,*,*,*,*,53860,75710,107260,152110,#,True,
99,U.S.,1,US,0,Cross-industry,cross-industry,1235,25-1064,"Geography Teachers, Postsecondary",detailed,3720,3.8,,,,*,87160,1.1,*,*,*,*,*,45920,64150,82330,105810,136240,True,
99,U.S.,1,US,0,Cross-industry,cross-industry,1235,25-1065,"Political Science Teachers, Postsecondary",detailed,15130,1.7,,,,*,100970,2.2,*,*,*,*,*,43460,62020,85760,122000,179450,True,
99,U.S.,1,US,0,Cross-industry,cross-industry,1235,25-1066,"Psychology Teachers, Postsecondary",detailed,36520,2.7,,,,*,89960,1.0,*,*,*,*,*,41480,57200,78180,108920,155800,True,
99,U.S.,1,US,0,Cross-industry,cross-industry,1235,25-1067,"Sociology Teachers, Postsecondary",detailed,13420,2.2,,,,*,85180,1.4,*,*,*,*,*,38910,55490,75610,103670,145990,True,
99,U.S.,1,US,0,Cross-industry,cross-industry,1235,25-1069,"Social Sciences Teachers, Postsecondary, All Other",detailed,17620,2.5,,,,*,85670,2.1,*,*,*,*,*,32900,52150,69340,107000,165790,True,
99,U.S.,1,US,0,Cross-industry,cross-industry,1235,25-1070,"Health Teachers, Postsecondary",broad,261130,2.3,,,,*,115330,2.0,*,*,*,*,*,43370,61180,90890,144540,#,True,
99,U.S.,1,US,0,Cross-industry,cross-industry,1235,25-1071,"Health Specialties Teachers, Postsecondary",detailed,200040,2.8,,,,*,124890,2.2,*,*,*,*,*,43840,63000,99090,164930,#,True,
99,U.S.,1,US,0,Cross-industry,cross-industry,1235,25-1081,"Education Teachers, Postsecondary",detailed,57560,1.8,,,,*,75010,1.2,*,*,*,*,*,30380,47080,65440,92010,130110,True,
99,U.S.,1,US,0,Cross-industry,cross-industry,1235,25-1082,"Library Science Teachers, Postsecondary",detailed,4230,2.7,,,,*,77560,1.2,*,*,*,*,*,46120,57210,71580,90630,116450,True,
99,U.S.,1,US,0,Cross-industry,cross-industry,1235,25-1112,"Law Teachers, Postsecondary",detailed,14930,5.2,,,,*,134760,1.8,*,*,*,*,*,41650,67640,116430,181790,#,True,
99,U.S.,1,US,0,Cross-industry,cross-industry,1235,25-1113,"Social Work Teachers, Postsecondary",detailed,13580,4.4,,,,*,78110,2.0,*,*,*,*,*,35670,53820,71570,95880,129560,True,
99,U.S.,1,US,0,Cross-industry,cross-industry,1235,25-1122,"Communications Teachers, Postsecondary",detailed,28430,2.3,,,,*,80940,1.1,*,*,*,*,*,40690,54050,71030,98750,137520,True,
99,U.S.,1,US,0,Cross-industry,cross-industry,1235,25-1125,"History Teachers, Postsecondary",detailed,20450,1.7,,,,*,85630,1.1,*,*,*,*,*,37340,56120,76890,104110,141860,True,
99,U.S.,1,US,0,Cross-industry,cross-industry,1235,25-1190,Miscellaneous Postsecondary Teachers,broad,317580,2.9,,,,*,77650,1.8,*,*,*,*,*,31930,46120,63620,100020,141900,True,
99,U.S.,1,US,0,Cross-industry,cross-industry,1235,25-1194,"Career/Technical Education Teachers, Postsecondary",detailed,105830,1.7,,,,29.67,61710,0.9,16.07,20.52,26.74,35.34,48.71,33420,42680,55620,73500,101310,,
99,U.S.,1,US,0,Cross-industry,cross-industry,1235,25-1199,"Postsecondary Teachers, All Other",detailed,194740,4.6,,,,*,86430,2.6,*,*,*,*,*,29030,49420,71950,116500,156550,True,
99,U.S.,1,US,0,Cross-industry,cross-industry,1235,25-2011,"Preschool Teachers, Except Special Education",detailed,370940,1.4,,,,17.57,36550,0.6,10.53,12.61,15.35,20.36,28,21900,26220,31930,42350,58230,,
99,U.S.,1,US,0,Cross-industry,cross-industry,1235,25-2012,"Kindergarten Teachers, Except Special Education",detailed,120080,2.0,,,,*,61170,0.7,*,*,*,*,*,37360,46280,57860,72440,91980,True,
99,U.S.,1,US,0,Cross-industry,cross-industry,1235,25-2021,"Elementary School Teachers, Except Special Education",detailed,1364870,0.9,,,,*,65420,0.6,*,*,*,*,*,40030,48350,60940,79120,100480,True,
99,U.S.,1,US,0,Cross-industry,cross-industry,1235,25-2023,"Career/Technical Education Teachers, Middle School",detailed,11670,7.6,,,,*,66950,1.5,*,*,*,*,*,41600,52200,62270,79670,100780,True,
99,U.S.,1,US,0,Cross-industry,cross-industry,1235,25-2030,Secondary School Teachers,broad,1064540,1.3,,,,*,67240,0.5,*,*,*,*,*,41480,50140,62840,81130,101770,True,
99,U.S.,1,US,0,Cross-industry,cross-industry,1235,25-2032,"Career/Technical Education Teachers, Secondary School",detailed,73530,2.5,,,,*,65870,0.6,*,*,*,*,*,43410,52010,62460,77780,96020,True,
99,U.S.,1,US,0,Cross-industry,cross-industry,1235,25-2050,Special Education Teachers,broad,467020,1.1,,,,*,65920,0.8,*,*,*,*,*,40820,49230,61500,79370,100570,True,
99,U.S.,1,US,0,Cross-industry,cross-industry,1235,25-2051,"Special Education Teachers, Preschool",detailed,20300,4.0,,,,*,68110,3.8,*,*,*,*,*,34780,46320,61400,82820,115020,True,
99,U.S.,1,US,0,Cross-industry,cross-industry,1235,25-2057,"Special Education Teachers, Middle School",detailed,80110,2.3,,,,*,66300,1.0,*,*,*,*,*,42090,50360,61820,79190,99750,True,
99,U.S.,1,US,0,Cross-industry,cross-industry,1235,25-2058,"Special Education Teachers, Secondary School",detailed,142500,1.8,,,,*,66490,1.0,*,*,*,*,*,41270,49940,62320,80210,101050,True,
99,U.S.,1,US,0,Cross-industry,cross-industry,1235,25-2059,"Special Education Teachers, All Other",detailed,32950,6.0,,,,*,67670,2.5,*,*,*,*,*,35740,47090,62820,85010,104790,True,
99,U.S.,1,US,0,Cross-industry,cross-industry,1235,25-3020,Self-Enrichment Teachers,broad,222700,1.5,,,,23.05,47930,1.7,10.54,13.7,19.21,27.97,39.42,21920,28500,39960,58180,82000,,
99,U.S.,1,US,0,Cross-industry,cross-industry,1235,25-3030,"Substitute Teachers, Short-Term",broad,512030,2.0,,,,17.35,36090,3.6,9.16,11.25,14.12,18.35,24.93,19060,23390,29370,38160,51850,,
99,U.S.,1,US,0,Cross-industry,cross-industry,1235,25-4011,Archivists,detailed,6550,6.8,,,,29.43,61210,1.7,15.95,20.6,27.29,36.09,47.59,33180,42840,56760,75070,98990,,
99,U.S.,1,US,0,Cross-industry,cross-industry,1235,25-4012,Curators,detailed,11750,3.5,,,,29.64,61650,0.9,16.04,20.87,27.4,36.7,46.55,33370,43420,56990,76330,96820,,
99,U.S.,1,US,0,Cross-industry,cross-industry,1235,25-4030,Library Technicians,broad,89070,4.7,,,,19.05,39630,2.6,11.11,13.5,17.79,23.27,29.64,23110,28080,37010,48400,61650,,
99,U.S.,1,US,0,Cross-industry,cross-industry,1235,25-9030,Instructional Coordinators,broad,174900,1.6,,,,33.73,70160,0.5,18.88,24.86,32.2,41.39,50.79,39270,51720,66970,86100,105650,,
99,U.S.,1,US,0,Cross-industry,cross-industry,1235,25-9040,Teaching Assistants,broad,1411590,0.6,,,,*,31500,0.6,*,*,*,*,*,19660,24030,29310,37120,46960,True,
99,U.S.,1,US,0,Cross-industry,cross-industry,1235,25-9044,"Teaching Assistants, Postsecondary",detailed,138740,2.3,,,,*,39460,1.4,*,*,*,*,*,19880,27080,36250,51000,62540,True,
99,U.S.,1,US,0,Cross-industry,cross-industry,1235,25-9045,"Teaching Assistants, Except Postsecondary",detailed,1272840,0.7,,,,*,30630,0.5,*,*,*,*,*,19610,23830,28900,36110,44290,True,
99,U.S.,1,US,0,Cross-industry,cross-industry,1235,27-1011,Art Directors,detailed,40950,2.2,,,,55.04,114490,1.4,26.22,34.43,46.77,65.53,95.79,54530,71610,97270,136310,199250,,
99,U.S.,1,US,0,Cross-industry,cross-industry,1235,27-4012,Broadcast Technicians,detailed,25960,3.0,,,,23.68,49250,1.2,10.37,13.91,20.95,30.28,40.2,21570,28930,43570,62980,83620,,
99,U.S.,1,US,0,Cross-industry,cross-industry,1235,27-4014,Sound Engineering Technicians,detailed,10870,5.2,,,,32.31,67210,4.1,13.3,17.05,25.73,37.22,57.56,27650,35460,53520,77410,119720,,
99,U.S.,1,US,0,Cross-industry,cross-industry,1235,29-1010,Chiropractors,broad,34760,2.7,,,,40.3,83830,1.8,17.01,25.51,34,47.14,66.32,35390,53070,70720,98050,137950,,
99,U.S.,1,US,0,Cross-industry,cross-industry,1235,29-1020,Dentists,broad,111210,2.2,,,,89.57,186300,1.2,38.01,56.25,78.85,#,#,79060,116990,164010,#,#,,
99,U.S.,1,US,0,Cross-industry,cross-industry,1235,29-1021,"Dentists, General",detailed,95920,2.4,,,,86.94,180830,1.3,38.97,55.43,76.41,#,#,81060,115290,158940,#,#,,
99,U.S.,1,US,0,Cross-industry,cross-industry,1235,29-1029,"Dentists, All Other Specialists",detailed,5610,9.3,,,,93.72,194930,5.0,39.01,66.86,88.12,#,#,81140,139080,183300,#,#,,
99,U.S.,1,US,0,Cross-industry,cross-industry,1235,29-1040,Optometrists,broad,36690,3.2,,,,60.31,125440,1.2,29.21,43.84,56.76,70.06,94.14,60750,91180,118050,145720,195810,,
99,U.S.,1,US,0,Cross-industry,cross-industry,1235,29-1050,Pharmacists,broad,315470,1.1,,,,60.32,125460,0.3,40.96,54.18,61.88,71.01,79.32,85210,112690,128710,147690,164980,,
99,U.S.,1,US,0,Cross-industry,cross-industry,1235,29-1070,Physician Assistants,broad,125280,1.7,,,,55.81,116080,0.5,36.88,46.02,55.48,65.01,78.11,76700,95730,115390,135220,162470,,
99,U.S.,1,US,0,Cross-industry,cross-industry,1235,29-1080,Podiatrists,broad,9710,3.8,,,,72.65,151110,2.5,26.55,39.78,64.57,94.25,#,55230,82750,134300,196030,#,,
99,U.S.,1,US,0,Cross-industry,cross-industry,1235,29-1140,Registered Nurses,broad,2986500,0.5,,,,38.47,80010,0.4,25.68,29.63,36.22,44.99,55.88,53410,61630,75330,93590,116230,,
99,U.S.,1,US,0,Cross-industry,cross-industry,1235,29-1150,Nurse Anesthetists,broad,41960,3.7,,,,90.96,189190,0.9,64.41,74.3,88.26,#,#,133970,154540,183580,#,#,,
99,U.S.,1,US,0,Cross-industry,cross-industry,1235,29-1160,Nurse Midwives,broad,7120,4.4,,,,55.55,115540,1.9,32.55,44.03,53.43,65.84,86.43,67710,91590,111130,136960,179770,,
99,U.S.,1,US,0,Cross-industry,cross-industry,1235,29-1170,Nurse Practitioners,broad,211280,1.3,,,,55.05,114510,0.4,39.88,45.62,53.69,62.62,75.08,82960,94890,111680,130240,156160,,
99,U.S.,1,US,0,Cross-industry,cross-industry,1235,29-1211,Anesthesiologists,detailed,28590,5.9,,,,130.5,271440,1.9,65.47,#,#,#,#,136180,#,#,#,#,,
99,U.S.,1,US,0,Cross-industry,cross-industry,1235,29-1215,Family Medicine Physicians,detailed,98590,2.3,,,,103.06,214370,1.3,38.28,71.31,99.7,#,#,79610,148320,207380,#,#,,
99,U.S.,1,US,0,Cross-industry,cross-industry,1235,29-1216,General Internal Medicine Physicians,detailed,50600,3.7,,,,101.42,210960,2.0,30.93,54.08,#,#,#,64340,112490,#,#,#,,
99,U.S.,1,US,0,Cross-industry,cross-industry,1235,29-1221,"Pediatricians, General",detailed,27550,4.0,,,,88.74,184570,1.7,33.4,61.02,85.16,#,#,69470,126930,177130,#,#,,
99,U.S.,1,US,0,Cross-industry,cross-industry,1235,29-1223,Psychiatrists,detailed,25540,3.6,,,,104.38,217100,1.8,33.4,65.05,#,#,#,69470,135300,#,#,#,,
99,U.S.,1,US,0,Cross-industry,cross-industry,1235,29-1292,Dental Hygienists,detailed,194830,1.4,,,,37.53,78050,0.6,26.06,31.46,37.06,44.05,50.2,54200,65440,77090,91620,104420,,
99,U.S.,1,US,0,Cross-industry,cross-industry,1235,29-2032,Diagnostic Medical Sonographers,detailed,73920,1.3,,,,37.4,77790,0.4,25.86,30.3,36.5,43.72,50.65,53790,63020,75920,90940,105340,,
99,U.S.,1,US,0,Cross-industry,cross-industry,1235,29-2033,Nuclear Medicine Technologists,detailed,17510,2.3,,,,39.46,82080,0.4,27.8,32.87,38.27,45.78,52.44,57830,68370,79590,95230,109070,,
99,U.S.,1,US,0,Cross-industry,cross-industry,1235,29-2035,Magnetic Resonance Imaging Technologists,detailed,39270,2.2,,,,36.52,75960,0.5,25.43,29.87,35.91,42.49,50.1,52880,62140,74690,88370,104210,,
99,U.S.,1,US,0,Cross-industry,cross-industry,1235,29-2051,Dietetic Technicians,detailed,26430,2.7,,,,15.83,32920,0.7,10.09,12.26,14.48,18.31,23.56,20980,25490,30110,38090,49000,,
99,U.S.,1,US,0,Cross-industry,cross-industry,1235,29-2052,Pharmacy Technicians,detailed,415310,0.9,,,,17.52,36450,0.3,12.21,13.99,16.87,20.03,24.25,25400,29090,35100,41660,50430,,
99,U.S.,1,US,0,Cross-industry,cross-industry,1235,29-2053,Psychiatric Technicians,detailed,85330,1.9,,,,18.31,38080,1.1,12,13.78,16.84,21.16,28.38,24960,28660,35030,44020,59020,,
99,U.S.,1,US,0,Cross-industry,cross-industry,1235,29-2055,Surgical Technologists,detailed,107400,1.2,,,,24.77,51510,0.3,16.4,19.72,23.9,29.32,35.15,34120,41010,49710,60980,73110,,
99,U.S.,1,US,0,Cross-industry,cross-industry,1235,29-2057,Ophthalmic Medical Technicians,detailed,59960,3.5,,,,19.24,40010,0.8,12.42,14.92,18.24,22.83,27.84,25830,31030,37940,47490,57900,,
99,U.S.,1,US,0,Cross-industry,cross-industry,1235,31-0000,Healthcare Support Occupations,major,6440880,0.4,,,,15.5,32250,0.2,10.31,12.26,14.4,17.74,22.3,21450,25490,29960,36900,46380,,
99,U.S.,1,US,0,Cross-industry,cross-industry,1235,31-1131,Nursing Assistants,detailed,1371050,0.6,,,,15.41,32050,0.3,10.94,12.81,14.83,17.78,20.25,22750,26650,30850,36990,42110,,
99,U.S.,1,US,0,Cross-industry,cross-industry,1235,31-1133,Psychiatric Aides,detailed,51550,2.3,,,,16.01,33300,0.9,10.5,12.32,15.18,18.88,23.5,21840,25630,31570,39270,48880,,
99,U.S.,1,US,0,Cross-industry,cross-industry,1235,31-2011,Occupational Therapy Assistants,detailed,42750,2.2,,,,30.49,63420,0.5,20.76,25.79,30.26,35.95,40.43,43180,53640,62940,74770,84090,,
99,U.S.,1,US,0,Cross-industry,cross-industry,1235,31-2012,Occupational Therapy Aides,detailed,5630,6.9,,,,16.42,34160,3.6,9.62,11.12,14.51,18.81,28.27,20010,23130,30180,39120,58800,,
99,U.S.,1,US,0,Cross-industry,cross-industry,1235,31-2021,Physical Therapist Assistants,detailed,92740,1.6,,,,28.58,59440,0.5,16.27,23.2,28.74,34.04,39.65,33840,48260,59770,70800,82470,,
99,U.S.,1,US,0,Cross-industry,cross-industry,1235,31-2022,Physical Therapist Aides,detailed,45790,2.3,,,,14.47,30110,0.7,9.86,11.66,13.68,16,19.51,20500,24250,28450,33280,40580,,
99,U.S.,1,US,0,Cross-industry,cross-industry,1235,31-9000,Other Healthcare Support Occupations,minor,1576220,0.5,,,,18.53,38540,0.2,12.55,14.56,17.68,21.59,25.95,26100,30290,36780,44900,53980,,
99,U.S.,1,US,0,Cross-industry,cross-industry,1235,31-9090,Miscellaneous Healthcare Support Occupations,broad,1491180,0.6,,,,18.29,38030,0.2,12.61,14.57,17.6,21.23,25.44,26230,30300,36610,44150,52920,,
99,U.S.,1,US,0,Cross-industry,cross-industry,1235,31-9091,Dental Assistants,detailed,312140,0.9,,,,20.34,42310,0.4,13.91,16.57,19.8,23.95,28.07,28940,34470,41180,49810,58390,,
99,U.S.,1,US,0,Cross-industry,cross-industry,1235,31-9092,Medical Assistants,detailed,710200,0.9,,,,17.75,36930,0.2,12.95,14.59,17.23,19.85,24.32,26930,30360,35850,41280,50580,,
99,U.S.,1,US,0,Cross-industry,cross-industry,1235,31-9094,Medical Transcriptionists,detailed,49530,4.8,,,,17.94,37310,2.5,10.48,13.01,16.96,21.76,26.55,21790,27070,35270,45260,55220,,
99,U.S.,1,US,0,Cross-industry,cross-industry,1235,31-9095,Pharmacy Aides,detailed,38900,4.1,,,,15.5,32250,1.4,10.08,11.88,14.08,17.64,24.23,20960,24720,29280,36690,50390,,
99,U.S.,1,US,0,Cross-industry,cross-industry,1235,31-9097,Phlebotomists,detailed,128020,1.7,,,,17.92,37280,0.4,12.83,14.72,17.46,20.26,24.4,26690,30610,36320,42130,50740,,
99,U.S.,1,US,0,Cross-industry,cross-industry,1235,31-9099,"Healthcare Support Workers, All Other",detailed,96720,2.1,,,,19.92,41430,0.5,11.87,14.54,19,24.25,29.39,24700,30240,39530,50430,61120,,
99,U.S.,1,US,0,Cross-industry,cross-industry,1235,33-1000,Supervisors of Protective Service Workers,minor,323580,0.6,,,,38.02,79080,0.8,18.43,24.84,34.79,48.6,63.08,38340,51680,72360,101090,131210,,
99,U.S.,1,US,0,Cross-industry,cross-industry,1235,33-1010,First-Line Supervisors of Law Enforcement Workers,broad,175730,0.4,,,,42.4,88190,0.9,21.4,28.23,39.85,53.61,67.37,44510,58730,82880,111500,140130,,
99,U.S.,1,US,0,Cross-industry,cross-industry,1235,33-1011,First-Line Supervisors of Correctional Officers,detailed,53420,0.4,,,,32.5,67600,1.0,18.14,22.41,29.28,40.94,51.82,37720,46610,60910,85160,107780,,
99,U.S.,1,US,0,Cross-industry,cross-industry,1235,33-1090,"Miscellaneous First-Line Supervisors, Protective Service Workers",broad,78860,1.9,,,,26.54,55210,0.6,14.63,18.51,25.31,31.72,40.28,30420,38500,52650,65970,83780,,
99,U.S.,1,US,0,Cross-industry,cross-industry,1235,33-9032,Security Guards,detailed,1054400,1.1,,,,16.52,34360,0.5,10.54,12.6,14.93,18.86,24.81,21930,26200,31050,39220,51600,,
99,U.S.,1,US,0,Cross-industry,cross-industry,1235,33-9093,Transportation Security Screeners,detailed,46850,0.7,,,,21.6,44920,0.6,17.83,19.39,21.3,23.05,25.74,37090,40330,44300,47950,53540,,
99,U.S.,1,US,0,Cross-industry,cross-industry,1235,37-3000,Grounds Maintenance Workers,minor,962670,0.6,,,,16.63,34590,0.3,11.03,13.07,15.49,19.07,24.05,22940,27190,32220,39670,50030,,
99,U.S.,1,US,0,Cross-industry,cross-industry,1235,37-3019,"Grounds Maintenance Workers, All Other",detailed,14310,5.7,,,,19.36,40270,2.1,11.81,13.92,16.45,24.15,32.6,24570,28950,34210,50230,67820,,
99,U.S.,1,US,0,Cross-industry,cross-industry,1235,39-1013,First-Line Supervisors of Gambling Services Workers,detailed,19100,3.3,,,,24.6,51160,1.0,13.52,18.58,24.25,30.05,35.86,28120,38650,50440,62500,74590,,
99,U.S.,1,US,0,Cross-industry,cross-industry,1235,39-3020,Motion Picture Projectionists,broad,2270,8.8,,,,16.53,34380,2.7,9.43,11.12,13.22,19.69,29.27,19620,23120,27490,40950,60880,,
99,U.S.,1,US,0,Cross-industry,cross-industry,1235,41-1000,Supervisors of Sales Workers,minor,1303400,0.5,,,,26.54,55200,0.2,13.49,16.7,22.15,31.02,44.78,28070,34730,46070,64520,93140,,
99,U.S.,1,US,0,Cross-industry,cross-industry,1235,41-1010,First-Line Supervisors of Sales Workers,broad,1303400,0.5,,,,26.54,55200,0.2,13.49,16.7,22.15,31.02,44.78,28070,34730,46070,64520,93140,,
99,U.S.,1,US,0,Cross-industry,cross-industry,1235,41-1011,First-Line Supervisors of Retail Sales Workers,detailed,1063110,0.5,,,,22.74,47300,0.2,13.11,15.9,19.99,26.87,35.01,27260,33070,41580,55880,72810,,
99,U.S.,1,US,0,Cross-industry,cross-industry,1235,41-1012,First-Line Supervisors of Non-Retail Sales Workers,detailed,240290,0.9,,,,43.33,90120,0.4,21.57,28.3,37.77,52.43,72.98,44860,58850,78560,109050,151790,,
99,U.S.,1,US,0,Cross-industry,cross-industry,1235,41-2000,Retail Sales Workers,minor,7628920,0.3,,,,13.95,29010,0.2,9.31,10.71,12.63,15.13,19.41,19360,22270,26270,31470,40370,,
99,U.S.,1,US,0,Cross-industry,cross-industry,1235,41-2010,Cashiers,broad,3347090,0.7,,,,12.37,25730,0.2,9.07,10.25,12.03,13.87,15.7,18860,21320,25020,28850,32650,,
99,U.S.,1,US,0,Cross-industry,cross-industry,1235,41-2022,Parts Salespersons,detailed,253870,1.3,,,,17.48,36350,0.5,10.18,12.48,15.61,20.73,27.7,21170,25970,32460,43120,57620,,
99,U.S.,1,US,0,Cross-industry,cross-industry,1235,41-2030,Retail Salespersons,broad,3659670,0.6,,,,14.87,30940,0.2,9.49,11.01,13.02,15.86,21.43,19740,22900,27080,32990,44570,,
99,U.S.,1,US,0,Cross-industry,cross-industry,1235,41-3000,"Sales Representatives, Services",minor,1992540,0.5,,,,36.14,75170,0.5,14.52,19.27,27.77,41.89,67.88,30210,40090,57760,87120,141200,,
99,U.S.,1,US,0,Cross-industry,cross-industry,1235,41-3010,Advertising Sales Agents,broad,110040,1.9,,,,32.71,68040,1.3,12.83,17.65,26.41,39.43,59.63,26700,36720,54940,82020,124030,,
99,U.S.,1,US,0,Cross-industry,cross-industry,1235,41-3020,Insurance Sales Agents,broad,409950,1.1,,,,33.22,69100,0.9,13.94,18.07,25.08,38.08,61.46,29000,37590,52180,79200,127840,,
99,U.S.,1,US,0,Cross-industry,cross-industry,1235,41-3090,"Miscellaneous Sales Representatives, Services",broad,977070,0.8,,,,33.89,70490,0.5,13.99,19.1,28.25,41.07,61.93,29110,39730,58770,85430,128820,,
99,U.S.,1,US,0,Cross-industry,cross-industry,1235,41-9021,Real Estate Brokers,detailed,44610,4.2,,,,39.25,81630,3.8,12.24,18.35,29.02,46.67,83.71,25460,38170,60370,97080,174120,,
99,U.S.,1,US,0,Cross-industry,cross-industry,1235,41-9022,Real Estate Sales Agents,detailed,168740,2.0,,,,30.28,62990,1.7,12.07,16.05,23.58,36.88,54.05,25100,33370,49040,76720,112410,,
99,U.S.,1,US,0,Cross-industry,cross-industry,1235,41-9030,Sales Engineers,broad,63780,3.2,,,,56.38,117270,1.2,29.2,38.31,52.32,71.17,88.55,60730,79670,108830,148040,184190,,
99,U.S.,1,US,0,Cross-industry,cross-industry,1235,43-2000,Communications Equipment Operators,minor,66960,3.0,,,,16.85,35050,1.1,10.95,13.01,15.41,19.22,25,22780,27060,32060,39980,51990,,
99,U.S.,1,US,0,Cross-industry,cross-industry,1235,43-2010,"Switchboard Operators, Including Answering Service",broad,59270,3.3,,,,16.34,33980,1.2,10.83,12.84,15.11,18.64,23.83,22530,26710,31430,38780,49570,,
99,U.S.,1,US,0,Cross-industry,cross-industry,1235,43-2020,Telephone Operators,broad,4630,7.4,,,,18.91,39340,1.5,12.02,14.15,18.13,23.41,28.08,25000,29430,37710,48700,58410,,
99,U.S.,1,US,0,Cross-industry,cross-industry,1235,43-2090,Miscellaneous Communications Equipment Operators,broad,3070,17.4,,,,23.68,49260,2.9,14.51,18.02,22.44,29.1,35.64,30180,37470,46680,60520,74120,,
99,U.S.,1,US,0,Cross-industry,cross-industry,1235,43-2099,"Communications Equipment Operators, All Other",detailed,3070,17.4,,,,23.68,49260,2.9,14.51,18.02,22.44,29.1,35.64,30180,37470,46680,60520,74120,,
99,U.S.,1,US,0,Cross-industry,cross-industry,1235,43-3000,Financial Clerks,minor,2770580,0.4,,,,20.15,41920,0.1,12.87,15.59,19.02,23.99,29.6,26770,32420,39550,49900,61560,,
99,U.S.,1,US,0,Cross-industry,cross-industry,1235,43-3060,Procurement Clerks,broad,61000,1.4,,,,21.83,45400,0.3,14.69,17.62,21.51,25.46,29.75,30540,36660,44740,52950,61880,,
99,U.S.,1,US,0,Cross-industry,cross-industry,1235,43-3070,Tellers,broad,423570,0.9,,,,15.85,32960,0.3,11.86,13.5,15.68,18.17,19.82,24660,28080,32620,37780,41220,,
99,U.S.,1,US,0,Cross-industry,cross-industry,1235,43-3090,Miscellaneous Financial Clerks,broad,30470,3.7,,,,22.27,46310,1.1,14.49,17.31,21.23,25.94,31.66,30140,36010,44160,53960,65850,,
99,U.S.,1,US,0,Cross-industry,cross-industry,1235,43-3099,"Financial Clerks, All Other",detailed,30470,3.7,,,,22.27,46310,1.1,14.49,17.31,21.23,25.94,31.66,30140,36010,44160,53960,65850,,
99,U.S.,1,US,0,Cross-industry,cross-industry,1235,43-4010,Brokerage Clerks,broad,44720,3.1,,,,28.11,58460,0.8,17.84,21.77,26.57,32.42,40.03,37100,45280,55270,67420,83260,,
99,U.S.,1,US,0,Cross-industry,cross-industry,1235,43-4020,Correspondence Clerks,broad,6150,7.9,,,,19.26,40070,0.9,13.47,16.03,18.46,22.08,26.23,28010,33350,38400,45930,54570,,
99,U.S.,1,US,0,Cross-industry,cross-industry,1235,43-4070,File Clerks,broad,91560,1.7,,,,17.38,36140,0.4,11.31,13.41,16.39,20.11,25.19,23520,27890,34090,41820,52400,,
99,U.S.,1,US,0,Cross-industry,cross-industry,1235,43-4120,"Library Assistants, Clerical",broad,84560,1.7,,,,14.78,30740,0.6,9.45,11.17,13.81,17.58,22.08,19650,23240,28730,36570,45930,,
99,U.S.,1,US,0,Cross-industry,cross-industry,1235,43-4140,New Accounts Clerks,broad,45250,3.3,,,,19.17,39870,2.1,13.23,15.47,18.15,21.85,25.22,27520,32170,37750,45450,52450,,
99,U.S.,1,US,0,Cross-industry,cross-industry,1235,43-4150,Order Clerks,broad,119640,2.3,,,,18.1,37660,0.5,11.93,13.9,17.11,21.36,26.18,24820,28900,35590,44440,54450,,
99,U.S.,1,US,0,Cross-industry,cross-industry,1235,43-5030,Dispatchers,broad,281740,1.1,,,,21.72,45170,0.4,12.99,15.98,20.07,25.82,32.44,27020,33240,41750,53710,67480,,
99,U.S.,1,US,0,Cross-industry,cross-industry,1235,43-5051,Postal Service Clerks,detailed,86950,0.0,,,,24.62,51200,0.2,18.15,18.74,24.11,30.29,30.89,37760,38980,50150,62990,64260,,
99,U.S.,1,US,0,Cross-industry,cross-industry,1235,43-9021,Data Entry Keyers,detailed,151520,1.9,,,,17.24,35850,0.4,11.77,13.74,16.56,19.59,24.25,24490,28580,34440,40750,50440,,
99,U.S.,1,US,0,Cross-industry,cross-industry,1235,43-9060,"Office Clerks, General",broad,2788090,0.4,,,,18.16,37770,0.2,10.59,13.26,16.98,21.87,27.47,22030,27570,35330,45480,57140,,
99,U.S.,1,US,0,Cross-industry,cross-industry,1235,43-9070,"Office Machine Operators, Except Computer",broad,40640,3.4,,,,17.59,36580,0.6,11.83,13.78,16.7,20.01,24.98,24600,28670,34730,41630,51960,,
99,U.S.,1,US,0,Cross-industry,cross-industry,1235,43-9110,Statistical Assistants,broad,9320,3.6,,,,25.06,52120,2.3,15.01,18.26,24.21,30.46,37.06,31220,37970,50360,63350,77070,,
99,U.S.,1,US,0,Cross-industry,cross-industry,1235,45-2091,Agricultural Equipment Operators,detailed,29220,4.4,,,,16.38,34070,1.2,10.51,13.39,15.75,18.91,23.02,21860,27850,32750,39340,47890,,
99,U.S.,1,US,0,Cross-industry,cross-industry,1235,45-4022,Logging Equipment Operators,detailed,25560,3.2,,,,20.95,43570,1.3,12.39,15.9,20.78,25.38,30.31,25760,33080,43210,52780,63050,,
99,U.S.,1,US,0,Cross-industry,cross-industry,1235,47-2010,Boilermakers,broad,14020,7.2,,,,32.42,67430,1.4,19.05,25.59,31.42,39.02,48.04,39620,53240,65360,81150,99920,,
99,U.S.,1,US,0,Cross-industry,cross-industry,1235,47-2030,Carpenters,broad,699300,0.9,,,,26.06,54200,0.4,15,18.38,23.81,31,42.02,31200,38240,49520,64480,87410,,
99,U.S.,1,US,0,Cross-industry,cross-industry,1235,47-2041,Carpet Installers,detailed,23020,5.1,,,,22.19,46150,2.0,12.45,15.36,19.94,26.7,36.42,25900,31940,41480,55540,75750,,
99,U.S.,1,US,0,Cross-industry,cross-industry,1235,47-2070,Construction Equipment Operators,broad,451250,0.8,,,,26.22,54540,0.4,15.69,18.52,23.61,31.19,41.49,32630,38530,49100,64870,86300,,
99,U.S.,1,US,0,Cross-industry,cross-industry,1235,47-2072,Pile Driver Operators,detailed,3820,8.4,,,,34.56,71880,3.4,17.79,22.88,30.47,46.72,55.43,37010,47590,63370,97190,115290,,
99,U.S.,1,US,0,Cross-industry,cross-industry,1235,47-2110,Electricians,broad,656510,0.9,,,,29.59,61550,0.6,16.26,20.57,27.36,36.24,47.46,33810,42790,56900,75380,98720,,
99,U.S.,1,US,0,Cross-industry,cross-industry,1235,47-2132,"Insulation Workers, Mechanical",detailed,27700,5.4,,,,26.67,55470,1.7,15.78,19.06,24.05,31.06,43.81,32830,39640,50030,64600,91120,,
99,U.S.,1,US,0,Cross-industry,cross-industry,1235,47-2180,Roofers,broad,128680,2.1,,,,22.6,47010,1.0,13.09,16.26,20.95,27.33,34.66,27220,33810,43580,56860,72100,,
99,U.S.,1,US,0,Cross-industry,cross-industry,1235,47-2210,Sheet Metal Workers,broad,128220,2.2,,,,26.6,55320,0.9,14.64,18.26,24.7,32.39,42.05,30460,37980,51370,67380,87470,,
99,U.S.,1,US,0,Cross-industry,cross-industry,1235,47-2230,Solar Photovoltaic Installers,broad,11490,9.2,,,,23.08,48020,1.9,15.67,18.2,22.34,26.81,31.06,32590,37860,46470,55760,64600,,
99,U.S.,1,US,0,Cross-industry,cross-industry,1235,47-3012,Helpers--Carpenters,detailed,30900,3.8,,,,17,35360,0.9,11.47,13.6,16.48,19.47,24.02,23850,28290,34280,40490,49950,,
99,U.S.,1,US,0,Cross-industry,cross-industry,1235,47-3013,Helpers--Electricians,detailed,73920,2.9,,,,17.04,35440,0.8,11.67,13.54,16.27,19.33,24.06,24280,28160,33840,40220,50050,,
99,U.S.,1,US,0,Cross-industry,cross-industry,1235,47-3016,Helpers--Roofers,detailed,8390,12.2,,,,16.86,35080,2.2,11.83,13.5,15.99,19.15,23.87,24610,28080,33260,39840,49650,,
99,U.S.,1,US,0,Cross-industry,cross-industry,1235,47-4050,Highway Maintenance Workers,broad,149890,0.9,,,,20.77,43200,0.3,13.18,16.27,20.03,24.66,29.78,27410,33850,41660,51300,61940,,
99,U.S.,1,US,0,Cross-industry,cross-industry,1235,47-5041,Continuous Mining Machine Operators,detailed,14990,4.6,,,,28.05,58340,1.2,18.69,22.21,27.37,33.57,38.52,38870,46190,56920,69830,80110,,
99,U.S.,1,US,0,Cross-industry,cross-industry,1235,49-2091,Avionics Technicians,detailed,21390,6.7,,,,33.26,69180,1.7,20.03,26.5,32.61,40.33,48.41,41660,55120,67840,83880,100680,,
99,U.S.,1,US,0,Cross-industry,cross-industry,1235,49-3042,"Mobile Heavy Equipment Mechanics, Except Engines",detailed,147680,1.5,,,,27.4,57000,0.5,17.43,21.45,26.61,31.87,38.94,36250,44610,55350,66290,81000,,
99,U.S.,1,US,0,Cross-industry,cross-industry,1235,49-3043,Rail Car Repairers,detailed,22310,5.4,,,,28.01,58250,2.0,16.88,21.23,27.74,35.18,39.79,35110,44160,57710,73170,82760,,
99,U.S.,1,US,0,Cross-industry,cross-industry,1235,49-3050,Small Engine Mechanics,broad,65430,2.2,,,,19.88,41360,0.6,12.27,14.91,18.76,24.08,29.76,25510,31010,39020,50080,61910,,
99,U.S.,1,US,0,Cross-industry,cross-industry,1235,49-3052,Motorcycle Mechanics,detailed,13490,4.8,,,,19.42,40390,1.1,12.22,14.47,18.28,23.61,29.3,25420,30090,38010,49100,60940,,
99,U.S.,1,US,0,Cross-industry,cross-industry,1235,49-3091,Bicycle Repairers,detailed,11290,8.6,,,,16.12,33530,1.7,11.41,13.22,15.69,18.65,22.23,23740,27490,32630,38790,46240,,
99,U.S.,1,US,0,Cross-industry,cross-industry,1235,49-3092,Recreational Vehicle Service Technicians,detailed,15150,5.2,,,,21.05,43790,1.2,13.14,15.91,19.48,24.97,30.32,27340,33090,40520,51950,63060,,
99,U.S.,1,US,0,Cross-industry,cross-industry,1235,49-9011,Mechanical Door Repairers,detailed,22680,5.6,,,,21.8,45350,1.2,13.63,16.7,20.78,25.69,31.28,28340,34740,43220,53440,65060,,
99,U.S.,1,US,0,Cross-industry,cross-industry,1235,49-9030,Home Appliance Repairers,broad,27640,4.3,,,,21.06,43810,1.1,12.02,15.47,20,25.44,31.56,25000,32170,41610,52920,65640,,
99,U.S.,1,US,0,Cross-industry,cross-industry,1235,49-9041,Industrial Machinery Mechanics,detailed,385980,0.9,,,,27.57,57350,0.2,17.17,21.28,26.68,32.39,39.64,35720,44270,55490,67370,82450,,
99,U.S.,1,US,0,Cross-industry,cross-industry,1235,49-9043,"Maintenance Workers, Machinery",detailed,65240,1.6,,,,24.98,51960,0.5,15.47,19.02,24.08,29.96,36.44,32170,39560,50100,62310,75800,,
99,U.S.,1,US,0,Cross-industry,cross-industry,1235,49-9044,Millwrights,detailed,44400,3.2,,,,28.4,59080,0.8,17.52,21.63,27.53,34.05,40.24,36450,44990,57260,70820,83690,,
99,U.S.,1,US,0,Cross-industry,cross-industry,1235,49-9045,"Refractory Materials Repairers, Except Brickmasons",detailed,760,16.6,,,,26.48,55080,2.6,17.4,21.42,26.26,30.79,36.8,36190,44560,54610,64040,76550,,
99,U.S.,1,US,0,Cross-industry,cross-industry,1235,49-9062,Medical Equipment Repairers,detailed,48510,2.8,,,,26.49,55090,0.7,14.99,18.6,24.81,32.66,40.73,31180,38700,51610,67930,84720,,
99,U.S.,1,US,0,Cross-industry,cross-industry,1235,49-9080,Wind Turbine Service Technicians,broad,5860,11.1,,,,28.53,59340,1.5,19.47,22.25,27.03,33.13,40.18,40490,46270,56230,68920,83580,,
99,U.S.,1,US,0,Cross-industry,cross-industry,1235,51-0000,Production Occupations,major,8519410,0.3,,,,20.08,41760,0.2,11.85,14.12,18,24,31.41,24650,29360,37440,49910,65330,,
99,U.S.,1,US,0,Cross-industry,cross-industry,1235,51-1000,Supervisors of Production Workers,minor,599900,0.4,,,,32.12,66800,0.2,18.27,23.32,30.22,38.83,49.28,37990,48500,62850,80770,102510,,
99,U.S.,1,US,0,Cross-industry,cross-industry,1235,51-5100,Printing Workers,minor,230720,1.2,,,,19.18,39890,0.5,12.05,14.29,18.08,23.15,28.6,25070,29720,37600,48160,59480,,
99,U.S.,1,US,0,Cross-industry,cross-industry,1235,51-5112,Printing Press Operators,detailed,160270,1.4,,,,19.32,40200,0.5,12.08,14.39,18.21,23.31,28.86,25120,29940,37880,48480,60040,,
99,U.S.,1,US,0,Cross-industry,cross-industry,1235,51-6030,Sewing Machine Operators,broad,116520,1.9,,,,14.14,29420,0.5,9.74,11.63,13.57,15.91,19.13,20270,24190,28230,33080,39790,,
99,U.S.,1,US,0,Cross-industry,cross-industry,1235,51-7000,Woodworkers,minor,240750,1.3,,,,17.24,35850,0.4,11.15,13.32,16.25,19.94,24.9,23190,27710,33800,41470,51800,,
99,U.S.,1,US,0,Cross-industry,cross-industry,1235,51-7031,"Model Makers, Wood",detailed,800,31.1,,,,30.1,62600,2.5,18.45,25.08,30.79,36.37,39.77,38380,52160,64050,75650,82710,,
99,U.S.,1,US,0,Cross-industry,cross-industry,1235,51-7032,"Patternmakers, Wood",detailed,190,17.9,,,,29.21,60750,4.7,15.57,21.73,31.31,36.39,39.93,32380,45210,65120,75690,83050,,
99,U.S.,1,US,0,Cross-industry,cross-industry,1235,51-7090,Miscellaneous Woodworkers,broad,7300,6.7,,,,17.17,35710,1.5,10.81,12.72,16.17,20.54,25.87,22480,26450,33630,42720,53810,,
99,U.S.,1,US,0,Cross-industry,cross-industry,1235,51-7099,"Woodworkers, All Other",detailed,7300,6.7,,,,17.17,35710,1.5,10.81,12.72,16.17,20.54,25.87,22480,26450,33630,42720,53810,,
99,U.S.,1,US,0,Cross-industry,cross-industry,1235,51-8011,Nuclear Power Reactor Operators,detailed,5310,5.8,,,,50.23,104470,1.1,36.71,43.56,50.02,58.23,64.02,76360,90600,104040,121120,133170,,
99,U.S.,1,US,0,Cross-industry,cross-industry,1235,51-8013,Power Plant Operators,detailed,32960,3.1,,,,39.37,81890,0.6,23.12,31.39,40.7,48.02,53.59,48090,65300,84650,99890,111470,,
99,U.S.,1,US,0,Cross-industry,cross-industry,1235,51-8092,Gas Plant Operators,detailed,14990,4.8,,,,35.24,73290,1.1,21.39,27.34,35.08,42.12,50.85,44490,56870,72970,87610,105770,,
99,U.S.,1,US,0,Cross-industry,cross-industry,1235,51-9000,Other Production Occupations,minor,2466480,0.5,,,,19.48,40510,0.2,11.97,14.15,17.89,23.37,29.9,24890,29430,37200,48620,62200,,
99,U.S.,1,US,0,Cross-industry,cross-industry,1235,51-9081,Dental Laboratory Technicians,detailed,30800,3.1,,,,21.75,45230,1.0,13.01,15.61,20.24,26.14,32.22,27060,32480,42110,54380,67010,,
99,U.S.,1,US,0,Cross-industry,cross-industry,1235,51-9082,Medical Appliance Technicians,detailed,13710,5.1,,,,21.94,45630,1.2,13.03,16.03,20.07,26.08,33.58,27100,33350,41750,54240,69850,,
99,U.S.,1,US,0,Cross-industry,cross-industry,1235,51-9083,Ophthalmic Laboratory Technicians,detailed,26140,4.4,,,,17.62,36640,1.0,11.6,13.6,16.56,20.1,24.82,24120,28290,34440,41810,51630,,
99,U.S.,1,US,0,Cross-industry,cross-industry,1235,51-9140,Semiconductor Processing Technicians,broad,31080,7.5,,,,21.74,45210,2.5,13.61,16,19.47,26.11,33.81,28320,33280,40500,54320,70320,,
99,U.S.,1,US,0,Cross-industry,cross-industry,1235,51-9161,Computer Numerically Controlled Tool Operators,detailed,149120,1.6,,,,21.3,44300,0.5,13.82,16.59,20.32,25.05,30.51,28750,34500,42260,52090,63460,,
99,U.S.,1,US,0,Cross-industry,cross-industry,1235,51-9162,Computer Numerically Controlled Tool Programmers,detailed,25530,2.9,,,,29.33,61010,0.8,18.14,22.17,27.76,34.67,42.72,37730,46110,57740,72100,88860,,
99,U.S.,1,US,0,Cross-industry,cross-industry,1235,51-9190,Miscellaneous Production Workers,broad,638030,1.0,,,,17.15,35660,0.3,10.79,13.01,15.67,20.02,25.37,22440,27060,32580,41650,52760,,
99,U.S.,1,US,0,Cross-industry,cross-industry,1235,51-9198,Helpers--Production Workers,detailed,239340,1.7,,,,15.39,32000,0.4,10.43,12.47,14.66,17.96,21.72,21700,25930,30500,37360,45180,,
99,U.S.,1,US,0,Cross-industry,cross-industry,1235,51-9199,"Production Workers, All Other",detailed,194360,2.1,,,,17.13,35620,0.6,10.28,12.41,15.1,19.76,26.28,21380,25810,31420,41100,54660,,
99,U.S.,1,US,0,Cross-industry,cross-industry,1235,53-1041,Aircraft Cargo Handling Supervisors,detailed,10020,6.9,,,,28.66,59620,1.7,17.27,20.4,25.77,36.83,41.6,35920,42430,53610,76600,86530,,
99,U.S.,1,US,0,Cross-industry,cross-industry,1235,53-2000,Air Transportation Workers,minor,269710,2.3,,,,*,111420,2.4,*,*,*,*,*,37530,56970,81100,136820,#,True,
99,U.S.,1,US,0,Cross-industry,cross-industry,1235,53-2012,Commercial Pilots,detailed,37120,2.8,,,,*,110830,3.2,*,*,*,*,*,47570,67070,93300,132850,200920,True,
99,U.S.,1,US,0,Cross-industry,cross-industry,1235,53-2021,Air Traffic Controllers,detailed,22190,0.9,,,,61.27,127440,0.6,34.98,43.73,62.7,77.8,88.84,72760,90950,130420,161820,184780,,
99,U.S.,1,US,0,Cross-industry,cross-industry,1235,53-2022,Airfield Operations Specialists,detailed,10590,3.0,,,,28.06,58360,3.3,13.78,17.08,24.68,35.78,47.49,28660,35530,51330,74430,98770,,
99,U.S.,1,US,0,Cross-industry,cross-industry,1235,53-2030,Flight Attendants,broad,116260,3.2,,,,*,59150,1.9,*,*,*,*,*,30930,43080,59050,71550,84790,True,
99,U.S.,1,US,0,Cross-industry,cross-industry,1235,53-3000,Motor Vehicle Operators,minor,3976410,0.5,,,,20.56,42770,0.2,10.94,14.45,19.52,25.23,31.92,22760,30050,40600,52470,66390,,
99,U.S.,1,US,0,Cross-industry,cross-industry,1235,53-3031,Driver/Sales Workers,detailed,420890,2.2,,,,15.32,31870,0.6,8.94,10.01,13.44,19.1,24.48,18600,20830,27960,39730,50910,,
99,U.S.,1,US,0,Cross-industry,cross-industry,1235,53-3033,Light Truck Drivers,detailed,929470,0.9,,,,19.74,41050,0.4,10.8,13.26,17.81,24.45,33.69,22470,27580,37050,50850,70080,,
99,U.S.,1,US,0,Cross-industry,cross-industry,1235,53-3050,Passenger Vehicle Drivers,broad,762820,1.3,,,,17.93,37300,0.7,9.88,12.95,16.67,21.77,27.86,20540,26940,34670,45290,57950,,
99,U.S.,1,US,0,Cross-industry,cross-industry,1235,53-3090,Miscellaneous Motor Vehicle Operators,broad,51390,3.5,,,,19.33,40200,1.5,10.28,12.67,17.87,25,30.4,21380,26350,37170,52000,63230,,
99,U.S.,1,US,0,Cross-industry,cross-industry,1235,53-3099,"Motor Vehicle Operators, All Other",detailed,51390,3.5,,,,19.33,40200,1.5,10.28,12.67,17.87,25,30.4,21380,26350,37170,52000,63230,,
99,U.S.,1,US,0,Cross-industry,cross-industry,1235,53-4000,Rail Transportation Workers,minor,114040,6.1,,,,31.42,65360,0.9,19.54,25.51,30.97,37.77,43.27,40640,53050,64410,78560,90010,,
99,U.S.,1,US,0,Cross-industry,cross-industry,1235,53-4090,Miscellaneous Rail Transportation Workers,broad,1540,14.5,,,,26.28,54670,3.2,15.71,17.99,23.06,32.85,41.08,32670,37420,47970,68340,85450,,
99,U.S.,1,US,0,Cross-industry,cross-industry,1235,53-4099,"Rail Transportation Workers, All Other",detailed,1540,14.5,,,,26.28,54670,3.2,15.71,17.99,23.06,32.85,41.08,32670,37420,47970,68340,85450,,
99,U.S.,1,US,0,Cross-industry,cross-industry,1235,53-5000,Water Transportation Workers,minor,63020,3.4,,,,35.35,73530,4.0,14.17,19.73,28.48,41.65,61.74,29460,41030,59250,86620,128420,,
99,U.S.,1,US,0,Cross-industry,cross-industry,1235,53-5022,Motorboat Operators,detailed,2380,18.5,,,,25.72,53500,2.6,13.38,18.13,26.88,31.74,37.32,27820,37700,55910,66020,77630,,
99,U.S.,1,US,0,Cross-industry,cross-industry,1235,53-5030,Ship Engineers,broad,7480,6.0,,,,38.99,81110,1.4,20.88,26.78,36.53,47.99,63.25,43440,55700,75990,99830,131570,,
99,U.S.,1,US,0,Cross-industry,cross-industry,1235,53-6000,Other Transportation Workers,minor,330830,1.6,,,,16.81,34970,1.2,9.97,11.62,13.83,17.65,27.88,20740,24180,28770,36710,57990,,
99,U.S.,1,US,0,Cross-industry,cross-industry,1235,53-6040,Traffic Technicians,broad,7430,3.2,,,,25.55,53140,1.7,15.46,18.05,22.98,31.25,39.97,32150,37550,47800,65010,83150,,
99,U.S.,1,US,0,Cross-industry,cross-industry,1235,53-6050,Transportation Inspectors,broad,27360,3.6,,,,39.1,81320,1.3,17.1,26.24,37.69,51.54,63.8,35560,54580,78400,107200,132710,,
99,U.S.,1,US,0,Cross-industry,cross-industry,1235,53-7000,Material Moving Workers,minor,6921900,0.4,,,,16,33290,0.2,10.63,12.48,14.77,18.43,23.3,22110,25960,30720,38330,48460,,
99,U.S.,1,US,0,Cross-industry,cross-industry,1235,53-7030,Dredge Operators,broad,1750,12.5,,,,25.86,53790,3.0,16.07,18.9,23.66,32.64,39.02,33420,39310,49210,67900,81160,,
99,U.S.,1,US,0,Cross-industry,cross-industry,1235,53-7070,Pumping Station Operators,broad,26430,3.9,,,,27.65,57500,1.3,15.52,20.17,27.21,34.67,40.51,32280,41960,56610,72110,84270,,
99,U.S.,1,US,0,Cross-industry,cross-industry,1235,53-7072,"Pump Operators, Except Wellhead Pumpers",detailed,10580,6.4,,,,24.92,51830,2.5,14.52,17.86,23.12,30.53,39.08,30200,37140,48090,63510,81290,,
99,U.S.,1,US,0,Cross-industry,cross-industry,1235,53-7190,Miscellaneous Material Moving Workers,broad,26300,4.6,,,,18.16,37770,1.5,12.05,13.35,15.8,21.38,28.63,25050,27760,32850,44480,59550,,
99,U.S.,1,US,0,Cross-industry,cross-industry,1235,53-7199,"Material Moving Workers, All Other",detailed,26300,4.6,,,,18.16,37770,1.5,12.05,13.35,15.8,21.38,28.63,25050,27760,32850,44480,59550,,
