AREA,AREA_TITLE,AREA_TYPE,PRIM_STATE,NAICS,NAICS_TITLE,I_GROUP,OWN_CODE,OCC_CODE,OCC_TITLE,O_GROUP,TOT_EMP,EMP_PRSE,JOBS_1000,LOC_QUOTIENT,PCT_TOTAL,PCT_RPT,H_MEAN,A_MEAN,MEAN_PRSE,H_PCT10,H_PCT25,H_MEDIAN,H_PCT75,H_PCT90,A_PCT10,A_PCT25,A_MEDIAN,A_PCT75,A_PCT90,ANNUAL,HOURLY
99,U.S.,1,US,0,Cross-industry,cross-industry,1235,11-0000,Management Occupations,major,10495770,0.4,,,,,66.23,137750,0.5,26.23,37.66,56.19,81.29,111.36,54550,78330,116880,169090,231620,,
99,U.S.,1,US,0,Cross-industry,cross-industry,1235,11-1000,Top Executives,minor,3751510,0.4,,,,,65.43,136100,0.9,22.31,31.81,49.74,79.57,#,46400,66170,103460,165500,#,,
99,U.S.,1,US,0,Cross-industry,cross-industry,1235,11-1010,Chief Executives,broad,211230,1.4,,,,,124.47,258900,0.7,38.46,62.9,99.37,#,#,80000,130840,206680,#,#,,
99,U.S.,1,US,0,Cross-industry,cross-industry,1235,11-2021,Marketing Managers,detailed,368940,1.8,,,,,80,166410,0.3,38.27,51.92,75.78,100,#,79600,108000,157620,208000,#,,
99,U.S.,1,US,0,Cross-industry,cross-industry,1235,11-2022,Sales Managers,detailed,575880,1.3,,,,,75.77,157610,0.3,30.62,44.97,64.98,94.57,#,63700,93540,135160,196700,#,,
99,U.S.,1,US,0,Cross-industry,cross-industry,1235,11-3000,Operations Specialties Managers,minor,2513900,0.6,,,,,74.59,155150,0.3,36.69,48.41,65.47,88.22,#,76320,100690,136170,183500,#,,
99,U.S.,1,US,0,Cross-industry,cross-industry,1235,11-3030,Financial Managers,broad,787340,1.0,,,,,84.05,174820,0.5,39.84,52.98,75.05,101.36,#,82870,110190,156100,210830,#,,
99,U.S.,1,US,0,Cross-industry,cross-industry,1235,11-3050,Industrial Production Managers,broad,222890,0.7,,,,,60.53,125900,0.3,34.62,44.03,56.24,72.7,91.58,72010,91590,116970,151220,190480,,
99,U.S.,1,US,0,Cross-industry,cross-industry,1235,11-3060,Purchasing Managers,broad,77530,1.2,,,,,70.53,146710,0.4,40.15,50.62,65.57,82.75,103.45,83510,105300,136380,172110,215170,,
99,U.S.,1,US,0,Cross-industry,cross-industry,1235,11-3120,Human Resources Managers,broad,200600,1.3,,,,,74.39,154740,0.4,38.97,49.68,65.55,87.56,#,81060,103340,136350,182120,#,,
99,U.S.,1,US,0,Cross-industry,cross-industry,1235,11-9000,Other Management Occupations,minor,3160340,0.8,,,,,56.91,118370,0.4,24.85,35.29,49.28,69.68,96.34,51690,73390,102510,144930,200390,,
99,U.S.,1,US,0,Cross-industry,cross-industry,1235,11-9020,Construction Managers,broad,329190,2.9,,,,,56.23,116960,0.5,31,39.25,50.43,65.17,82.71,64480,81640,104900,135550,172040,,
99,U.S.,1,US,0,Cross-industry,cross-industry,1235,11-9032,"Education Administrators, Kindergarten through Secondary",detailed,302580,0.6,,,,,*,111020,0.3,*,*,*,*,*,70050,83050,103460,131180,163010,True,
99,U.S.,1,US,0,Cross-industry,cross-industry,1235,11-9033,"Education Administrators, Postsecondary",detailed,167270,0.3,,,,,58.66,122010,0.3,30.27,38.32,49.33,65.97,100.9,62970,79700,102610,137230,209870,,
99,U.S.,1,US,0,Cross-industry,cross-industry,1235,11-9039,"Education Administrators, All Other",detailed,50690,1.3,,,,,48.42,100720,0.7,23.78,31.16,42.53,57.75,76.06,49470,64800,88460,120120,158200,,
99,U.S.,1,US,0,Cross-industry,cross-industry,1235,11-9050,Food Service Managers,broad,246070,2.1,,,,,33.45,69580,0.8,20.67,24.22,30.32,38.29,48.67,42990,50390,63060,79630,101240,,
99,U.S.,1,US,0,Cross-industry,cross-industry,1235,11-9071,Gambling Managers,detailed,4590,1.6,,,,,47.24,98270,1.1,24.01,31.35,39.61,54.67,76.66,49940,65210,82380,113720,159440,,
99,U.S.,1,US,0,Cross-industry,cross-industry,1235,11-9080,Lodging Managers,broad,41980,1.7,,,,,36.92,76790,1.1,18.88,23.74,31.42,42.27,61.1,39270,49380,65360,87930,127090,,
99,U.S.,1,US,0,Cross-industry,cross-industry,1235,11-9120,Natural Sciences Managers,broad,96520,1.5,,,,,81.31,169120,1.1,37.27,52.55,75.84,101.96,#,77520,109300,157740,212080,#,,
99,U.S.,1,US,0,Cross-industry,cross-industry,1235,11-9160,Emergency Management Directors,broad,11910,2.4,,,,,45.05,93690,0.5,24.2,30.11,40.37,53.94,72.87,50340,62630,83960,112190,151560,,
99,U.S.,1,US,0,Cross-industry,cross-industry,1235,11-9171,Funeral Home Managers,detailed,14200,2.5,,,,,40.77,84800,1.0,21.56,28.68,36.37,47.39,63.16,44830,59650,75660,98560,131360,,
99,U.S.,1,US,0,Cross-industry,cross-industry,1235,13-1000,Business Operations Specialists,minor,7048350,0.8,,,,,42.33,88040,0.3,21.55,28.2,37.74,50.33,65.78,44810,58660,78500,104690,136820,,
99,U.S.,1,US,0,Cross-industry,cross-industry,1235,13-1032,"Insurance Appraisers, Auto Damage",detailed,8670,4.7,,,,,36.37,75660,0.8,27.35,30.62,35.83,39.78,48.19,56890,63690,74520,82740,100240,,
99,U.S.,1,US,0,Cross-industry,cross-industry,1235,13-1070,Human Resources Workers,broad,959230,1.5,,,,,37.15,77260,0.3,20.75,25.07,33.42,45.55,59.78,43160,52140,69520,94730,124330,,
99,U.S.,1,US,0,Cross-industry,cross-industry,1235,13-1071,Human Resources Specialists,detailed,895970,1.6,,,,,36.57,76060,0.3,20.62,24.76,32.53,44.42,58.56,42900,51510,67650,92390,121800,,
99,U.S.,1,US,0,Cross-industry,cross-industry,1235,13-1075,Labor Relations Specialists,detailed,62800,1.1,,,,,45.49,94620,0.9,23.25,31.56,43.26,57.99,67.08,48360,65650,89980,120610,139520,,
99,U.S.,1,US,0,Cross-industry,cross-industry,1235,13-1081,Logisticians,detailed,228470,0.9,,,,,40.69,84640,0.4,23.07,29.54,38.17,48.99,61.8,47990,61440,79400,101890,128550,,
99,U.S.,1,US,0,Cross-industry,cross-industry,1235,13-1110,Management Analysts,broad,838140,1.6,,,,,55.54,115530,1.4,27.81,35.84,47.8,62.89,82.83,57840,74540,99410,130800,172280,,
99,U.S.,1,US,0,Cross-industry,cross-industry,1235,13-2000,Financial Specialists,minor,3039480,0.5,,,,,46.37,96460,0.4,22.6,29.44,38.5,51.69,76.14,47000,61240,80090,107520,158360,,
99,U.S.,1,US,0,Cross-industry,cross-industry,1235,13-2030,Budget Analysts,broad,47310,0.6,,,,,43.69,90880,0.4,27.29,32.95,40.84,51.67,63.29,56760,68540,84940,107470,131630,,
99,U.S.,1,US,0,Cross-industry,cross-industry,1235,13-2040,Credit Analysts,broad,73200,1.2,,,,,45.56,94750,0.6,24.07,29.62,38.18,52.13,79.21,50060,61600,79420,108430,164750,,
99,U.S.,1,US,0,Cross-industry,cross-industry,1235,13-2052,Personal Financial Advisors,detailed,272190,1.4,,,,,72.44,150670,1.7,23.43,31.41,47.88,81.69,#,48730,65320,99580,169910,#,,
99,U.S.,1,US,0,Cross-industry,cross-industry,1235,13-2060,Financial Examiners,broad,63440,1.3,,,,,47.18,98140,0.4,23.9,30.49,40.53,58.31,79.65,49710,63430,84300,121280,165670,,
99,U.S.,1,US,0,Cross-industry,cross-industry,1235,13-2071,Credit Counselors,detailed,27950,2.1,,,,,25.69,53440,0.6,18.01,20.18,23.35,28.84,36.07,37460,41980,48570,59990,75030,,
99,U.S.,1,US,0,Cross-industry,cross-industry,1235,13-2072,Loan Officers,detailed,321090,0.8,,,,,40.62,84490,0.5,17.8,23.62,33.65,48.09,67.05,37020,49130,69990,100020,139470,,
99,U.S.,1,US,0,Cross-industry,cross-industry,1235,13-2082,Tax Preparers,detailed,81650,2.4,,,,,27.96,58160,1.2,14.02,17.15,23.56,36.55,47.5,29170,35670,49010,76020,98810,,
99,U.S.,1,US,0,Cross-industry,cross-industry,1235,15-1211,Computer Systems Analysts,detailed,498810,0.8,,,,,53.27,110800,0.5,30.4,38.64,49.9,63.74,79.66,63230,80380,103800,132580,165700,,
99,U.S.,1,US,0,Cross-industry,cross-industry,1235,15-1212,Information Security Analysts,detailed,175350,1.1,,,,,59.97,124740,0.5,33.28,43.29,57.87,73.82,87.68,69210,90050,120360,153550,182370,,
99,U.S.,1,US,0,Cross-industry,cross-industry,1235,15-1230,Computer Support Specialists,broad,848420,0.7,,,,,31.95,66450,0.4,18.51,22.92,29.24,37.76,48.67,38490,47670,60810,78540,101230,,
99,U.S.,1,US,0,Cross-industry,cross-industry,1235,15-1231,Computer Network Support Specialists,detailed,158720,1.4,,,,,37.81,78640,0.7,21.95,26.3,34.39,44.5,58.61,45660,54700,71530,92570,121920,,
99,U.S.,1,US,0,Cross-industry,cross-industry,1235,15-1232,Computer User Support Specialists,detailed,689700,0.9,,,,,30.6,63640,0.4,18.12,22.38,28.48,36.52,46.65,37690,46550,59240,75950,97020,,
99,U.S.,1,US,0,Cross-industry,cross-industry,1235,15-1241,Computer Network Architects,detailed,174100,1.3,,,,,64.39,133930,0.7,37.48,48.14,62.42,78.88,93.75,77960,100120,129840,164080,195000,,
99,U.S.,1,US,0,Cross-industry,cross-industry,1235,15-1251,Computer Programmers,detailed,120370,2.4,,,,,51.8,107750,1.1,28.34,35.87,47.94,62.33,80.4,58950,74610,99700,129650,167230,,
99,U.S.,1,US,0,Cross-industry,cross-industry,1235,15-2010,Actuaries,broad,25470,2.6,,,,,63.7,132500,1.4,36.24,42.51,57.69,79,100.63,75380,88420,120000,164320,209310,,
99,U.S.,1,US,0,Cross-industry,cross-industry,1235,15-2030,Operations Research Analysts,broad,117880,1.2,,,,,45.96,95600,0.6,25.45,31.85,40.21,55.38,71.6,52930,66250,83640,115190,148920,,
99,U.S.,1,US,0,Cross-industry,cross-industry,1235,15-2040,Statisticians,broad,29950,3.2,,,,,52.5,109190,0.8,28.22,37.57,50.05,64.88,78.54,58690,78140,104110,134950,163360,,
99,U.S.,1,US,0,Cross-industry,cross-industry,1235,17-2060,Computer Hardware Engineers,broad,82660,2.3,,,,,71.04,147770,1.3,39.25,52.24,66.38,84.33,102.29,81630,108670,138080,175400,212770,,
99,U.S.,1,US,0,Cross-industry,cross-industry,1235,17-2112,Industrial Engineers,detailed,332870,0.7,,,,,49.59,103150,0.5,31.4,38.33,47.78,59.62,68.38,65320,79730,99380,124000,142220,,
99,U.S.,1,US,0,Cross-industry,cross-industry,1235,17-2140,Mechanical Engineers,broad,281290,1.6,,,,,50.59,105220,0.5,31.04,38.06,47.84,61.05,75.71,64560,79160,99510,126990,157470,,
99,U.S.,1,US,0,Cross-industry,cross-industry,1235,17-3010,Drafters,broad,193180,1.4,,,,,32.13,66840,0.4,19.78,24.17,30.06,37.75,46.99,41130,50270,62530,78520,97730,,
99,U.S.,1,US,0,Cross-industry,cross-industry,1235,17-3013,Mechanical Drafters,detailed,44850,1.4,,,,,33.62,69920,0.6,20.88,25,30.8,39.13,49.09,43420,52000,64060,81380,102110,,
99,U.S.,1,US,0,Cross-industry,cross-industry,1235,17-3019,"Drafters, All Other",detailed,16580,4.1,,,,,30.28,62980,0.9,18.75,23,28.49,35.62,43.94,39000,47840,59260,74090,91400,,
99,U.S.,1,US,0,Cross-industry,cross-industry,1235,19-1000,Life Scientists,minor,352000,0.6,,,,,48.38,100630,1.5,25.24,31.77,42.6,60.57,77.17,52500,66080,88620,125990,160510,,
99,U.S.,1,US,0,Cross-industry,cross-industry,1235,19-1011,Animal Scientists,detailed,2460,8.4,,,,,43.01,89450,4.5,22.23,25.42,33.72,49.64,77.89,46240,52870,70140,103260,162000,,
99,U.S.,1,US,0,Cross-industry,cross-industry,1235,19-1020,Biological Scientists,broad,133050,1.3,,,,,48.29,100440,0.9,25.04,32.01,44.13,60,77.14,52090,66570,91790,124790,160460,,
99,U.S.,1,US,0,Cross-industry,cross-industry,1235,19-1029,"Biological Scientists, All Other",detailed,61220,1.9,,,,,47.62,99060,1.3,25.11,31.93,43.8,57.4,76.31,52230,66400,91100,119390,158730,,
99,U.S.,1,US,0,Cross-industry,cross-industry,1235,19-1031,Conservation Scientists,detailed,22790,1.5,,,,,35.17,73160,0.7,20.6,25.48,33.05,42.05,50.7,42850,53000,68750,87460,105460,,
99,U.S.,1,US,0,Cross-industry,cross-industry,1235,19-1040,Medical Scientists,broad,146850,1.2,,,,,53.29,110850,2.4,29.72,36.57,48.07,63.96,80.47,61810,76060,99980,133030,167370,,
99,U.S.,1,US,0,Cross-industry,cross-industry,1235,19-1042,"Medical Scientists, Except Epidemiologists",detailed,136620,1.3,,,,,54.03,112380,2.5,29.72,36.87,48.5,64.36,80.78,61810,76690,100890,133870,168020,,
99,U.S.,1,US,0,Cross-industry,cross-industry,1235,19-1090,Miscellaneous Life Scientists,broad,7490,3.1,,,,,48.81,101520,1.6,24.2,30.99,41.8,61.34,82.72,50340,64460,86950,127580,172060,,
99,U.S.,1,US,0,Cross-industry,cross-industry,1235,19-1099,"Life Scientists, All Other",detailed,7490,3.1,,,,,48.81,101520,1.6,24.2,30.99,41.8,61.34,82.72,50340,64460,86950,127580,172060,,
99,U.S.,1,US,0,Cross-industry,cross-industry,1235,19-2000,Physical Scientists,minor,254410,0.7,,,,,48.61,101110,0.4,24.94,31.48,42.96,60.65,80.6,51870,65470,89350,126140,167650,,
99,U.S.,1,US,0,Cross-industry,cross-industry,1235,19-2032,Materials Scientists,detailed,8810,6.7,,,,,54.06,112440,1.3,30.83,39.75,51.04,64.7,82.16,64130,82670,106160,134580,170900,,
99,U.S.,1,US,0,Cross-industry,cross-industry,1235,19-2090,Miscellaneous Physical Scientists,broad,20820,1.6,,,,,57.24,119050,0.7,28.65,39.04,53.98,71.36,88.22,59590,81210,112280,148430,183500,,
99,U.S.,1,US,0,Cross-industry,cross-industry,1235,19-2099,"Physical Scientists, All Other",detailed,20820,1.6,,,,,57.24,119050,0.7,28.65,39.04,53.98,71.36,88.22,59590,81210,112280,148430,183500,,
99,U.S.,1,US,0,Cross-industry,cross-industry,1235,19-3010,Economists,broad,16420,3.5,,,,,63.78,132650,2.6,30.06,39.58,55.64,79.84,104.28,62520,82330,115730,166070,216900,,
99,U.S.,1,US,0,Cross-industry,cross-industry,1235,19-3094,Political Scientists,detailed,5580,3.4,,,,,63.47,132020,0.9,34.84,46.44,63.63,80.6,88.22,72470,96600,132350,167650,183500,,
99,U.S.,1,US,0,Cross-industry,cross-industry,1235,19-4020,Biological Technicians,broad,76990,1.2,,,,,27.18,56540,0.5,17.78,20.38,24.73,31.5,38.62,36970,42390,51430,65510,80330,,
99,U.S.,1,US,0,Cross-industry,cross-industry,1235,19-4030,Chemical Technicians,broad,55880,1.7,,,,,29.29,60920,0.7,18.39,22.08,27.29,35.23,44.88,38240,45920,56750,73280,93340,,
99,U.S.,1,US,0,Cross-industry,cross-industry,1235,19-4050,Nuclear Technicians,broad,5400,4.1,,,,,46.88,97520,1.3,30.14,36.67,48.92,53.57,61.88,62700,76280,101740,111420,128700,,
99,U.S.,1,US,0,Cross-industry,cross-industry,1235,19-4060,Social Science Research Assistants,broad,30890,2.9,,,,,29.99,62370,1.5,17.83,22.18,27.11,33.52,46.5,37080,46140,56400,69720,96720,,
99,U.S.,1,US,0,Cross-industry,cross-industry,1235,19-4092,Forensic Science Technicians,detailed,17520,1.6,,,,,34.4,71540,0.6,19.91,24.27,31.22,40.73,51.68,41410,50480,64940,84720,107490,,
99,U.S.,1,US,0,Cross-industry,cross-industry,1235,21-1091,Health Education Specialists,detailed,57800,1.3,,,,,33.55,69790,0.8,19.05,23.18,30.22,40.29,51.89,39630,48210,62860,83800,107920,,
99,U.S.,1,US,0,Cross-industry,cross-industry,1235,23-1012,Judicial Law Clerks,detailed,14680,1.5,,,,,31.19,64880,0.5,19.72,22.16,27.64,34.25,49.43,41020,46090,57490,71240,102810,,
99,U.S.,1,US,0,Cross-industry,cross-industry,1235,23-2000,Legal Support Workers,minor,448410,1.2,,,,,32.35,67290,1.2,18.77,23.02,29.18,37.53,48.78,39050,47880,60690,78060,101470,,
99,U.S.,1,US,0,Cross-industry,cross-industry,1235,23-2090,Miscellaneous Legal Support Workers,broad,93520,1.6,,,,,33.87,70440,1.1,18.02,22.12,28.55,38.76,61.26,37480,46020,59380,80620,127420,,
99,U.S.,1,US,0,Cross-industry,cross-industry,1235,23-2099,"Legal Support Workers, All Other",detailed,43760,1.8,,,,,39.89,82960,1.4,19.18,24.03,32.55,51.14,74.65,39890,49980,67700,106360,155270,,
99,U.S.,1,US,0,Cross-industry,cross-industry,1235,25-1000,Postsecondary Teachers,minor,1394110,0.2,,,,,*,101750,0.5,*,*,*,*,*,48210,62350,82270,124960,177180,True,
99,U.S.,1,US,0,Cross-industry,cross-industry,1235,25-1010,"Business Teachers, Postsecondary",broad,82980,0.5,,,,,*,113240,0.7,*,*,*,*,*,48580,64670,97130,140070,211230,True,
99,U.S.,1,US,0,Cross-industry,cross-industry,1235,25-1021,"Computer Science Teachers, Postsecondary",detailed,36150,0.7,,,,,*,106380,0.6,*,*,*,*,*,49770,65660,96430,133800,175150,True,
99,U.S.,1,US,0,Cross-industry,cross-industry,1235,25-1022,"Mathematical Science Teachers, Postsecondary",detailed,48230,0.3,,,,,*,95320,0.5,*,*,*,*,*,48740,62280,81020,108840,165880,True,
99,U.S.,1,US,0,Cross-industry,cross-industry,1235,25-1031,"Architecture Teachers, Postsecondary",detailed,8350,0.4,,,,,*,114900,0.5,*,*,*,*,*,60610,80010,105770,133570,174390,True,
99,U.S.,1,US,0,Cross-industry,cross-industry,1235,25-1032,"Engineering Teachers, Postsecondary",detailed,38370,0.5,,,,,*,120630,0.5,*,*,*,*,*,60250,81960,106910,139300,200030,True,
99,U.S.,1,US,0,Cross-industry,cross-industry,1235,25-1040,"Life Sciences Teachers, Postsecondary",broad,60860,0.5,,,,,*,101440,0.6,*,*,*,*,*,51330,64990,84260,126560,169410,True,
99,U.S.,1,US,0,Cross-industry,cross-industry,1235,25-1041,"Agricultural Sciences Teachers, Postsecondary",detailed,7550,2.5,,,,,*,95610,0.7,*,*,*,*,*,49240,64120,85260,110310,149660,True,
99,U.S.,1,US,0,Cross-industry,cross-industry,1235,25-1042,"Biological Science Teachers, Postsecondary",detailed,52050,0.5,,,,,*,102270,0.6,*,*,*,*,*,51670,64990,83920,126760,171410,True,
99,U.S.,1,US,0,Cross-industry,cross-industry,1235,25-1050,"Physical Sciences Teachers, Postsecondary",broad,53130,0.3,,,,,*,105600,0.5,*,*,*,*,*,52900,65940,94060,130190,174330,True,
99,U.S.,1,US,0,Cross-industry,cross-industry,1235,25-1052,"Chemistry Teachers, Postsecondary",detailed,20210,0.4,,,,,*,102630,0.5,*,*,*,*,*,52590,65580,85810,125370,171750,True,
99,U.S.,1,US,0,Cross-industry,cross-industry,1235,25-1053,"Environmental Science Teachers, Postsecondary",detailed,7120,2.0,,,,,*,100910,0.6,*,*,*,*,*,51280,66060,88410,126160,166150,True,
99,U.S.,1,US,0,Cross-industry,cross-industry,1235,25-1054,"Physics Teachers, Postsecondary",detailed,14030,0.5,,,,,*,106950,0.6,*,*,*,*,*,55150,66780,98020,131140,171820,True,
99,U.S.,1,US,0,Cross-industry,cross-industry,1235,25-1060,"Social Sciences Teachers, Postsecondary",broad,119750,0.4,,,,,*,100790,0.5,*,*,*,*,*,50140,64290,84600,122830,171510,True,
99,U.S.,1,US,0,Cross-industry,cross-industry,1235,25-1063,"Economics Teachers, Postsecondary",detailed,12210,1.4,,,,,*,133650,0.7,*,*,*,*,*,58060,82110,115300,168240,221170,True,
99,U.S.,1,US,0,Cross-industry,cross-industry,1235,25-1064,"Geography Teachers, Postsecondary",detailed,3480,1.1,,,,,*,97660,1.6,*,*,*,*,*,50870,66610,85600,109120,155010,True,
99,U.S.,1,US,0,Cross-industry,cross-industry,1235,25-1065,"Political Science Teachers, Postsecondary",detailed,17090,0.6,,,,,*,104910,0.4,*,*,*,*,*,51610,66330,93810,127940,172910,True,
99,U.S.,1,US,0,Cross-industry,cross-industry,1235,25-1066,"Psychology Teachers, Postsecondary",detailed,40610,1.2,,,,,*,93990,0.5,*,*,*,*,*,49790,62980,82140,106610,151890,True,
99,U.S.,1,US,0,Cross-industry,cross-industry,1235,25-1067,"Sociology Teachers, Postsecondary",detailed,12870,1.6,,,,,*,97580,0.5,*,*,*,*,*,49900,64320,82670,109450,169920,True,
99,U.S.,1,US,0,Cross-industry,cross-industry,1235,25-1069,"Social Sciences Teachers, Postsecondary, All Other",detailed,16900,0.8,,,,,*,91710,0.5,*,*,*,*,*,43890,59310,77750,106540,170180,True,
99,U.S.,1,US,0,Cross-industry,cross-industry,1235,25-1070,"Health Teachers, Postsecondary",broad,298060,0.3,,,,,*,122760,0.6,*,*,*,*,*,51150,66570,100950,143730,225010,True,
99,U.S.,1,US,0,Cross-industry,cross-industry,1235,25-1071,"Health Specialties Teachers, Postsecondary",detailed,225360,0.3,,,,,*,134440,0.6,*,*,*,*,*,52300,69140,105650,172990,#,True,
99,U.S.,1,US,0,Cross-industry,cross-industry,1235,25-1081,"Education Teachers, Postsecondary",detailed,60860,0.8,,,,,*,80750,0.5,*,*,*,*,*,39670,52740,73240,98130,130000,True,
99,U.S.,1,US,0,Cross-industry,cross-industry,1235,25-1082,"Library Science Teachers, Postsecondary",detailed,4220,1.8,,,,,*,88190,0.7,*,*,*,*,*,53660,64430,80310,101750,131310,True,
99,U.S.,1,US,0,Cross-industry,cross-industry,1235,25-1112,"Law Teachers, Postsecondary",detailed,14570,1.6,,,,,*,142440,0.7,*,*,*,*,*,51810,77860,127360,179700,#,True,
99,U.S.,1,US,0,Cross-industry,cross-industry,1235,25-1113,"Social Work Teachers, Postsecondary",detailed,11730,1.1,,,,,*,80840,1.0,*,*,*,*,*,46790,53640,75020,96670,127760,True,
99,U.S.,1,US,0,Cross-industry,cross-industry,1235,25-1122,"Communications Teachers, Postsecondary",detailed,28520,0.7,,,,,*,90950,0.6,*,*,*,*,*,48060,61410,79910,104810,160060,True,
99,U.S.,1,US,0,Cross-industry,cross-industry,1235,25-1125,"History Teachers, Postsecondary",detailed,20610,0.9,,,,,*,93120,0.5,*,*,*,*,*,48760,63650,82140,106840,141840,True,
99,U.S.,1,US,0,Cross-industry,cross-industry,1235,25-1190,Miscellaneous Postsecondary Teachers,broad,294080,0.7,,,,,*,85400,0.4,*,*,*,*,*,40800,52000,71800,101320,146070,True,
99,U.S.,1,US,0,Cross-industry,cross-industry,1235,25-1194,"Career/Technical Education Teachers, Postsecondary",detailed,111180,1.4,,,,,32.84,68300,0.8,18.81,23.51,29.84,38.56,50.58,39120,48890,62060,80200,105200,,
99,U.S.,1,US,0,Cross-industry,cross-industry,1235,25-1199,"Postsecondary Teachers, All Other",detailed,166980,0.8,,,,,*,96570,0.5,*,*,*,*,*,45930,59260,79870,120620,177050,True,
99,U.S.,1,US,0,Cross-industry,cross-industry,1235,25-2011,"Preschool Teachers, Except Special Education",detailed,430240,1.1,,,,,19.91,41410,0.7,13.56,14.81,17.85,22.36,29.28,28200,30810,37130,46500,60900,,
99,U.S.,1,US,0,Cross-industry,cross-industry,1235,25-2012,"Kindergarten Teachers, Except Special Education",detailed,118580,1.2,,,,,*,67790,0.6,*,*,*,*,*,45650,50970,62690,78950,100390,True,
99,U.S.,1,US,0,Cross-industry,cross-industry,1235,25-2021,"Elementary School Teachers, Except Special Education",detailed,1410070,0.6,,,,,*,70740,0.5,*,*,*,*,*,46960,51260,63680,81480,104440,True,
99,U.S.,1,US,0,Cross-industry,cross-industry,1235,25-2023,"Career/Technical Education Teachers, Middle School",detailed,12210,3.3,,,,,*,69020,1.2,*,*,*,*,*,47360,54620,63860,78680,99080,True,
99,U.S.,1,US,0,Cross-industry,cross-industry,1235,25-2030,Secondary School Teachers,broad,1135230,0.8,,,,,*,73570,0.5,*,*,*,*,*,48140,54980,65210,83130,105860,True,
99,U.S.,1,US,0,Cross-industry,cross-industry,1235,25-2032,"Career/Technical Education Teachers, Secondary School",detailed,90070,1.6,,,,,*,70810,0.5,*,*,*,*,*,49420,57530,65130,81000,100380,True,
99,U.S.,1,US,0,Cross-industry,cross-industry,1235,25-2050,Special Education Teachers,broad,528400,0.6,,,,,*,73520,0.5,*,*,*,*,*,47520,55340,65910,83600,106290,True,
99,U.S.,1,US,0,Cross-industry,cross-industry,1235,25-2051,"Special Education Teachers, Preschool",detailed,24850,4.7,,,,,*,76420,2.6,*,*,*,*,*,41250,51240,65270,89440,135170,True,
99,U.S.,1,US,0,Cross-industry,cross-industry,1235,25-2057,"Special Education Teachers, Middle School",detailed,88850,2.2,,,,,*,73630,0.9,*,*,*,*,*,48140,57600,66600,84040,105320,True,
99,U.S.,1,US,0,Cross-industry,cross-industry,1235,25-2058,"Special Education Teachers, Secondary School",detailed,158150,1.2,,,,,*,74670,0.6,*,*,*,*,*,47950,56820,66620,84400,107230,True,
99,U.S.,1,US,0,Cross-industry,cross-industry,1235,25-2059,"Special Education Teachers, All Other",detailed,43700,3.3,,,,,*,76000,1.5,*,*,*,*,*,43530,53780,67190,91050,114360,True,
99,U.S.,1,US,0,Cross-industry,cross-industry,1235,25-3020,Self-Enrichment Teachers,broad,272110,1.1,,,,,25.43,52890,1.2,13.75,16.74,21.79,29.91,41.34,28600,34820,45330,62220,85980,,
99,U.S.,1,US,0,Cross-industry,cross-industry,1235,25-3030,"Substitute Teachers, Short-Term",broad,444530,1.2,,,,,20.95,43570,1.3,11.74,14.36,17.97,23.36,30.36,24420,29880,37380,48590,63140,,
99,U.S.,1,US,0,Cross-industry,cross-industry,1235,25-4011,Archivists,detailed,7150,2.7,,,,,31.59,65700,1.0,18.14,22.33,28.8,38.07,49.52,37720,46450,59910,79190,103000,,
99,U.S.,1,US,0,Cross-industry,cross-industry,1235,25-4012,Curators,detailed,12510,1.6,,,,,34.07,70870,2.5,18.27,23.12,29.69,39.4,51.86,38000,48080,61750,81950,107860,,
99,U.S.,1,US,0,Cross-industry,cross-industry,1235,25-4030,Library Technicians,broad,76670,1.5,,,,,20.46,42570,0.5,13,15.5,18.9,23.97,29.62,27040,32240,39310,49860,61620,,
99,U.S.,1,US,0,Cross-industry,cross-industry,1235,25-9030,Instructional Coordinators,broad,207270,0.9,,,,,37.12,77200,0.7,22.37,28.46,35.87,44.34,52.65,46540,59190,74620,92230,109500,,
99,U.S.,1,US,0,Cross-industry,cross-industry,1235,25-9040,Teaching Assistants,broad,1483280,0.5,,,,,*,37470,0.4,*,*,*,*,*,24380,29690,35930,43830,50550,True,
99,U.S.,1,US,0,Cross-industry,cross-industry,1235,25-9044,"Teaching Assistants, Postsecondary",detailed,145960,0.4,,,,,*,47030,0.5,*,*,*,*,*,29540,33000,43750,60450,73450,True,
99,U.S.,1,US,0,Cross-industry,cross-industry,1235,25-9045,"Teaching Assistants, Except Postsecondary",detailed,1337320,0.6,,,,,*,36430,0.4,*,*,*,*,*,24200,29500,35550,40720,48870,True,
99,U.S.,1,US,0,Cross-industry,cross-industry,1235,27-1011,Art Directors,detailed,51200,2.0,,,,,60.54,125920,1.4,29.06,37.97,51.2,74.84,100.87,60440,78970,106500,155680,209800,,
99,U.S.,1,US,0,Cross-industry,cross-industry,1235,27-4012,Broadcast Technicians,detailed,26190,3.2,,,,,34.43,71600,2.0,13.5,17.68,27.74,46.5,60.29,28080,36770,57690,96710,125410,,
99,U.S.,1,US,0,Cross-industry,cross-industry,1235,27-4014,Sound Engineering Technicians,detailed,14600,7.4,,,,,35.62,74100,3.0,17.38,22.03,28.57,45.46,63.91,36160,45820,59430,94550,132940,,
99,U.S.,1,US,0,Cross-industry,cross-industry,1235,29-1010,Chiropractors,broad,41480,6.9,,,,,43.15,89760,3.0,19.21,27.88,36.79,49,68.55,39960,57980,76530,101930,142580,,
99,U.S.,1,US,0,Cross-industry,cross-industry,1235,29-1020,Dentists,broad,138680,1.6,,,,,96.57,200870,1.5,39.79,60.01,82.17,112.99,#,82760,124830,170910,235020,#,,
99,U.S.,1,US,0,Cross-industry,cross-industry,1235,29-1021,"Dentists, General",detailed,121640,1.9,,,,,92.19,191750,1.4,38.86,59.46,79.95,104.82,#,80820,123670,166300,218030,#,,
99,U.S.,1,US,0,Cross-industry,cross-industry,1235,29-1029,"Dentists, All Other Specialists",detailed,5920,10.9,,,,,117.53,244470,4.7,51.6,90.8,109.47,#,#,107330,188860,227690,#,#,,
99,U.S.,1,US,0,Cross-industry,cross-industry,1235,29-1040,Optometrists,broad,41390,1.7,,,,,68.75,143000,1.4,31.24,48.87,63.39,77.92,98.13,64980,101650,131860,162070,204100,,
99,U.S.,1,US,0,Cross-industry,cross-industry,1235,29-1050,Pharmacists,broad,331700,0.6,,,,,64.81,134790,0.3,43.26,60.51,65.4,74.78,81.08,89980,125860,136030,155550,168650,,
99,U.S.,1,US,0,Cross-industry,cross-industry,1235,29-1070,Physician Assistants,broad,145740,1.7,,,,,62.74,130490,0.4,41.48,51.97,62.51,72.94,82.11,86280,108100,130020,151720,170790,,
99,U.S.,1,US,0,Cross-industry,cross-industry,1235,29-1080,Podiatrists,broad,9470,5.7,,,,,78.14,162520,5.6,28.15,41.93,68.1,103.88,#,58550,87200,141650,216070,#,,
99,U.S.,1,US,0,Cross-industry,cross-industry,1235,29-1140,Registered Nurses,broad,3175390,0.5,,,,,45.42,94480,0.2,30.64,36.53,41.38,50.32,63.79,63720,75990,86070,104670,132680,,
99,U.S.,1,US,0,Cross-industry,cross-industry,1235,29-1150,Nurse Anesthetists,broad,47810,3.8,,,,,102.98,214200,0.9,67.3,86.94,102.24,#,#,139980,180840,212650,#,#,,
99,U.S.,1,US,0,Cross-industry,cross-industry,1235,29-1160,Nurse Midwives,broad,6960,6.5,,,,,63.26,131570,1.6,41.98,52.89,62.33,70.56,85.35,87320,110000,129650,146770,177530,,
99,U.S.,1,US,0,Cross-industry,cross-industry,1235,29-1170,Nurse Practitioners,broad,280140,1.3,,,,,61.78,128490,0.6,45.45,51.42,60.7,67.6,80.79,94530,106960,126260,140610,168030,,
99,U.S.,1,US,0,Cross-industry,cross-industry,1235,29-1211,Anesthesiologists,detailed,33470,5.4,,,,,163.21,339470,2.7,40.84,92.3,#,#,#,84940,191980,#,#,#,,
99,U.S.,1,US,0,Cross-industry,cross-industry,1235,29-1215,Family Medicine Physicians,detailed,112010,2.3,,,,,115.77,240790,1.6,33.12,73.47,108,#,#,68890,152810,224640,#,#,,
99,U.S.,1,US,0,Cross-industry,cross-industry,1235,29-1216,General Internal Medicine Physicians,detailed,67210,3.5,,,,,118.01,245450,3.6,33.71,52.1,107.36,#,#,70120,108380,223310,#,#,,
99,U.S.,1,US,0,Cross-industry,cross-industry,1235,29-1221,"Pediatricians, General",detailed,34870,5.3,,,,,98.97,205860,2.0,40.93,67.81,95.53,#,#,85120,141050,198690,#,#,,
99,U.S.,1,US,0,Cross-industry,cross-industry,1235,29-1223,Psychiatrists,detailed,24830,3.9,,,,,123.53,256930,3.9,35.23,59.65,#,#,#,73280,124070,#,#,#,,
99,U.S.,1,US,0,Cross-industry,cross-industry,1235,29-1292,Dental Hygienists,detailed,211630,1.3,,,,,43.21,89890,0.7,31.3,37.51,42.08,48.38,56.92,65110,78010,87530,100630,118400,,
99,U.S.,1,US,0,Cross-industry,cross-industry,1235,29-2032,Diagnostic Medical Sonographers,detailed,82780,1.0,,,,,42.8,89020,0.3,30.61,36.36,40.61,48.35,55.91,63680,75640,84470,100580,116300,,
99,U.S.,1,US,0,Cross-industry,cross-industry,1235,29-2033,Nuclear Medicine Technologists,detailed,16560,2.6,,,,,45.71,95080,0.5,33.32,38.49,44.47,50.26,59.57,69300,80050,92500,104540,123910,,
99,U.S.,1,US,0,Cross-industry,cross-industry,1235,29-2035,Magnetic Resonance Imaging Technologists,detailed,41340,2.3,,,,,41.64,86600,0.8,29.55,36.23,40.26,47.76,54.05,61470,75360,83740,99340,112420,,
99,U.S.,1,US,0,Cross-industry,cross-industry,1235,29-2051,Dietetic Technicians,detailed,24240,2.9,,,,,18.48,38440,0.7,13.3,15.11,17.56,20.71,24.42,27670,31420,36520,43090,50790,,
99,U.S.,1,US,0,Cross-industry,cross-industry,1235,29-2052,Pharmacy Technicians,detailed,460280,0.8,,,,,20.83,43330,0.2,15.73,17.45,19.37,22.92,27.47,32720,36290,40300,47680,57130,,
99,U.S.,1,US,0,Cross-industry,cross-industry,1235,29-2053,Psychiatric Technicians,detailed,115940,2.0,,,,,20.99,43650,0.5,14.98,17.18,19.09,23.06,28.84,31150,35730,39700,47960,59990,,
99,U.S.,1,US,0,Cross-industry,cross-industry,1235,29-2055,Surgical Technologists,detailed,110320,0.9,,,,,29.93,62250,0.3,19.54,24.01,29.14,34.86,39.98,40640,49940,60610,72520,83150,,
99,U.S.,1,US,0,Cross-industry,cross-industry,1235,29-2057,Ophthalmic Medical Technicians,detailed,73390,3.2,,,,,21.3,44290,0.6,15,17.47,20.09,23.91,28.81,31200,36330,41780,49740,59930,,
99,U.S.,1,US,0,Cross-industry,cross-industry,1235,31-0000,Healthcare Support Occupations,major,7063530,0.2,,,,,18.37,38220,0.3,12.89,15.27,17.38,20.74,23.96,26800,31760,36140,43140,49840,,
99,U.S.,1,US,0,Cross-industry,cross-industry,1235,31-1131,Nursing Assistants,detailed,1351760,0.4,,,,,19.04,39610,0.3,14.44,16.82,18.36,21.41,23.45,30020,34990,38200,44540,48780,,
99,U.S.,1,US,0,Cross-industry,cross-industry,1235,31-1133,Psychiatric Aides,detailed,32310,1.4,,,,,19.71,41000,0.4,13.3,15.67,18.83,22.9,26.56,27660,32590,39160,47630,55240,,
99,U.S.,1,US,0,Cross-industry,cross-industry,1235,31-2011,Occupational Therapy Assistants,detailed,46090,1.8,,,,,32.78,68170,0.5,23.4,28.56,32.22,37.16,42.9,48670,59400,67010,77290,89230,,
99,U.S.,1,US,0,Cross-industry,cross-industry,1235,31-2012,Occupational Therapy Aides,detailed,4430,7.2,,,,,20.22,42060,2.0,12.09,15.36,17.77,23.42,33.04,25150,31940,36970,48720,68720,,
99,U.S.,1,US,0,Cross-industry,cross-industry,1235,31-2021,Physical Therapist Assistants,detailed,104000,1.7,,,,,31.66,65860,0.5,20.24,27.16,30.81,36.83,42.71,42110,56490,64080,76610,88830,,
99,U.S.,1,US,0,Cross-industry,cross-industry,1235,31-2022,Physical Therapist Aides,detailed,42390,2.4,,,,,16.74,34810,1.8,11.09,13.73,16.11,17.79,21.14,23070,28550,33520,37010,43980,,
99,U.S.,1,US,0,Cross-industry,cross-industry,1235,31-9000,Other Healthcare Support Occupations,minor,1744490,0.4,,,,,21.6,44930,0.5,15.25,17.62,20.83,23.45,28.77,31730,36650,43330,48770,59840,,
99,U.S.,1,US,0,Cross-industry,cross-industry,1235,31-9090,Miscellaneous Healthcare Support Occupations,broad,1651840,0.5,,,,,21.13,43940,0.4,15.25,17.6,20.62,23.17,28.12,31720,36600,42880,48190,58480,,
99,U.S.,1,US,0,Cross-industry,cross-industry,1235,31-9091,Dental Assistants,detailed,370690,1.0,,,,,22.77,47350,0.7,17.05,18.38,22.38,26.17,29.35,35470,38220,46540,54430,61060,,
99,U.S.,1,US,0,Cross-industry,cross-industry,1235,31-9092,Medical Assistants,detailed,763040,0.6,,,,,20.84,43350,0.4,16.1,17.68,20.19,22.7,27.15,33500,36780,42000,47220,56480,,
99,U.S.,1,US,0,Cross-industry,cross-industry,1235,31-9094,Medical Transcriptionists,detailed,52420,3.7,,,,,18.79,39090,0.9,13.07,15,17.82,22.01,25.42,27190,31200,37060,45780,52880,,
99,U.S.,1,US,0,Cross-industry,cross-industry,1235,31-9095,Pharmacy Aides,detailed,43830,2.9,,,,,18.74,38980,0.7,13.25,15.5,17.41,20.47,27.31,27560,32240,36200,42580,56800,,
99,U.S.,1,US,0,Cross-industry,cross-industry,1235,31-9097,Phlebotomists,detailed,137080,1.1,,,,,20.74,43130,0.3,16.02,17.66,20.1,22.79,26.6,33310,36720,41810,47410,55330,,
99,U.S.,1,US,0,Cross-industry,cross-industry,1235,31-9099,"Healthcare Support Workers, All Other",detailed,102230,1.1,,,,,22.6,47010,0.5,15.21,17.57,21.39,26.27,31.37,31630,36540,44490,54630,65250,,
99,U.S.,1,US,0,Cross-industry,cross-industry,1235,33-1000,Supervisors of Protective Service Workers,minor,359050,0.3,,,,,42.17,87710,0.3,21.37,28.37,39.06,52.43,66.21,44440,59010,81240,109060,137720,,
99,U.S.,1,US,0,Cross-industry,cross-industry,1235,33-1010,First-Line Supervisors of Law Enforcement Workers,broad,190410,0.3,,,,,47.11,98000,0.3,24.96,32.45,45.1,58.13,73.01,51910,67500,93800,120910,151860,,
99,U.S.,1,US,0,Cross-industry,cross-industry,1235,33-1011,First-Line Supervisors of Correctional Officers,detailed,52280,0.3,,,,,36.94,76840,0.2,20.48,25.91,33.91,46.09,56.13,42600,53890,70530,95870,116750,,
99,U.S.,1,US,0,Cross-industry,cross-industry,1235,33-1090,"Miscellaneous First-Line Supervisors, Protective Service Workers",broad,84510,0.8,,,,,29.57,61500,0.4,17.7,21.2,27.69,35.33,43.52,36820,44090,57590,73490,90520,,
99,U.S.,1,US,0,Cross-industry,cross-industry,1235,33-9032,Security Guards,detailed,1202940,0.3,,,,,19.44,40440,0.4,13.7,15.22,17.82,21.46,27.6,28500,31660,37070,44630,57400,,
99,U.S.,1,US,0,Cross-industry,cross-industry,1235,33-9093,Transportation Security Screeners,detailed,47950,1.0,,,,,24.54,51040,0.2,19.36,21.43,24.05,26.83,30.19,40270,44570,50020,55810,62800,,
99,U.S.,1,US,0,Cross-industry,cross-industry,1235,37-3000,Grounds Maintenance Workers,minor,1015700,0.5,,,,,19.53,40620,0.3,14.03,16.41,18.12,22.09,26.38,29180,34140,37690,45950,54880,,
99,U.S.,1,US,0,Cross-industry,cross-industry,1235,37-3019,"Grounds Maintenance Workers, All Other",detailed,11980,7.4,,,,,22.37,46540,1.4,14.14,16.86,20.82,25.86,36.03,29410,35080,43310,53800,74940,,
99,U.S.,1,US,0,Cross-industry,cross-industry,1235,39-1013,First-Line Supervisors of Gambling Services Workers,detailed,25100,0.9,,,,,29.86,62110,0.6,17.9,23.32,29.43,35.62,39.56,37230,48510,61210,74080,82290,,
99,U.S.,1,US,0,Cross-industry,cross-industry,1235,39-3020,Motion Picture Projectionists,broad,2610,10.1,,,,,21.06,43800,3.7,10.98,13,16.9,22.24,39.18,22840,27040,35160,46260,81490,,
99,U.S.,1,US,0,Cross-industry,cross-industry,1235,41-1000,Supervisors of Sales Workers,minor,1315030,0.9,,,,,28.92,60140,0.8,15.06,18.34,23.57,32.32,46.73,31320,38140,49020,67230,97190,,
99,U.S.,1,US,0,Cross-industry,cross-industry,1235,41-1010,First-Line Supervisors of Sales Workers,broad,1315030,0.9,,,,,28.92,60140,0.8,15.06,18.34,23.57,32.32,46.73,31320,38140,49020,67230,97190,,
99,U.S.,1,US,0,Cross-industry,cross-industry,1235,41-1011,First-Line Supervisors of Retail Sales Workers,detailed,1087890,1.2,,,,,25.01,52030,0.5,14.59,17.83,22.47,28.71,36.71,30350,37090,46730,59720,76350,,
99,U.S.,1,US,0,Cross-industry,cross-industry,1235,41-1012,First-Line Supervisors of Non-Retail Sales Workers,detailed,227150,1.0,,,,,47.61,99020,1.1,23.38,30.54,40.66,57.47,79.05,48640,63510,84570,119530,164420,,
99,U.S.,1,US,0,Cross-industry,cross-industry,1235,41-2000,Retail Sales Workers,minor,7655030,0.7,,,,,16.59,34520,0.3,11.16,13.37,15.36,17.48,22.01,23210,27810,31940,36350,45770,,
99,U.S.,1,US,0,Cross-industry,cross-industry,1235,41-2010,Cashiers,broad,3319210,0.5,,,,,14.78,30750,0.2,10.86,12.92,14.3,16.59,17.91,22580,26870,29740,34510,37240,,
99,U.S.,1,US,0,Cross-industry,cross-industry,1235,41-2022,Parts Salespersons,detailed,260770,1.9,,,,,19.75,41080,0.5,12.84,14.34,17.72,22.82,29.08,26700,29830,36860,47470,60480,,
99,U.S.,1,US,0,Cross-industry,cross-industry,1235,41-2030,Retail Salespersons,broad,3684740,0.7,,,,,17.64,36690,0.4,11.42,13.75,16.19,17.98,23.13,23740,28600,33680,37390,48110,,
99,U.S.,1,US,0,Cross-industry,cross-industry,1235,41-3000,"Sales Representatives, Services",minor,2245510,1.1,,,,,41.28,85860,1.3,17.57,22.6,30.36,47.62,76.5,36550,47010,63150,99050,159130,,
99,U.S.,1,US,0,Cross-industry,cross-industry,1235,41-3010,Advertising Sales Agents,broad,108100,2.0,,,,,36.45,75820,1.3,15,21.03,29.46,43.72,64.02,31200,43740,61270,90930,133150,,
99,U.S.,1,US,0,Cross-industry,cross-industry,1235,41-3020,Insurance Sales Agents,broad,457510,1.2,,,,,38.32,79700,1.7,16.8,20.89,28.4,40.11,64.62,34940,43440,59080,83420,134420,,
99,U.S.,1,US,0,Cross-industry,cross-industry,1235,41-3090,"Miscellaneous Sales Representatives, Services",broad,1142020,2.5,,,,,38.98,81080,1.6,17.51,22.7,31.06,47.08,69.02,36430,47220,64600,97920,143550,,
99,U.S.,1,US,0,Cross-industry,cross-industry,1235,41-9021,Real Estate Brokers,detailed,51350,12.9,,,,,41.41,86130,9.5,17.54,22.69,30.32,47.15,77.39,36490,47200,63060,98060,160980,,
99,U.S.,1,US,0,Cross-industry,cross-industry,1235,41-9022,Real Estate Sales Agents,detailed,197720,4.2,,,,,33.46,69610,1.5,15.1,18.3,26.11,39.16,57.49,31410,38050,54300,81460,119590,,
99,U.S.,1,US,0,Cross-industry,cross-industry,1235,41-9030,Sales Engineers,broad,59340,1.8,,,,,62.77,130550,1.0,32.58,41.84,56.23,77.27,97.43,67760,87030,116950,160720,202660,,
99,U.S.,1,US,0,Cross-industry,cross-industry,1235,43-2000,Communications Equipment Operators,minor,49810,2.3,,,,,19.51,40570,0.6,13.57,15.34,17.8,21.8,29.02,28220,31900,37030,45350,60360,,
99,U.S.,1,US,0,Cross-industry,cross-industry,1235,43-2010,"Switchboard Operators, Including Answering Service",broad,43830,2.5,,,,,19.24,40020,0.6,13.48,15.19,17.67,21.08,28.28,28030,31600,36750,43840,58810,,
99,U.S.,1,US,0,Cross-industry,cross-industry,1235,43-2020,Telephone Operators,broad,4600,6.4,,,,,20.24,42100,2.0,14.31,16.26,18.31,23.36,28.48,29770,33820,38080,48590,59230,,
99,U.S.,1,US,0,Cross-industry,cross-industry,1235,43-2090,Miscellaneous Communications Equipment Operators,broad,1380,11.5,,,,,25.6,53240,2.6,17.37,20.97,23.71,29.67,36.52,36130,43620,49310,61710,75960,,
99,U.S.,1,US,0,Cross-industry,cross-industry,1235,43-2099,"Communications Equipment Operators, All Other",detailed,1380,11.5,,,,,25.6,53240,2.6,17.37,20.97,23.71,29.67,36.52,36130,43620,49310,61710,75960,,
99,U.S.,1,US,0,Cross-industry,cross-industry,1235,43-3000,Financial Clerks,minor,2739760,0.3,,,,,23.01,47860,0.1,15.47,18.12,22.02,26.63,31.55,32170,37690,45790,55380,65610,,
99,U.S.,1,US,0,Cross-industry,cross-industry,1235,43-3060,Procurement Clerks,broad,61580,1.1,,,,,23.05,47940,0.3,16.6,18.72,22.44,26.34,30.36,34520,38940,46670,54790,63140,,
99,U.S.,1,US,0,Cross-industry,cross-industry,1235,43-3070,Tellers,broad,340820,2.1,,,,,18.68,38850,0.2,14.29,16.81,18.1,21.11,22.57,29720,34970,37640,43900,46950,,
99,U.S.,1,US,0,Cross-industry,cross-industry,1235,43-3090,Miscellaneous Financial Clerks,broad,44520,4.0,,,,,25.33,52690,0.6,17.69,21.32,24.01,27.91,34.67,36800,44340,49940,58050,72120,,
99,U.S.,1,US,0,Cross-industry,cross-industry,1235,43-3099,"Financial Clerks, All Other",detailed,44520,4.0,,,,,25.33,52690,0.6,17.69,21.32,24.01,27.91,34.67,36800,44340,49940,58050,72120,,
99,U.S.,1,US,0,Cross-industry,cross-industry,1235,43-4010,Brokerage Clerks,broad,48060,3.5,,,,,30.35,63130,0.9,22,24.44,28.92,34.65,41.49,45750,50830,60150,72080,86300,,
99,U.S.,1,US,0,Cross-industry,cross-industry,1235,43-4020,Correspondence Clerks,broad,4650,15.0,,,,,22.57,46940,6.1,15,17.43,20.25,27.72,33,31200,36250,42120,57660,68650,,
99,U.S.,1,US,0,Cross-industry,cross-industry,1235,43-4070,File Clerks,broad,82290,2.2,,,,,19.58,40730,0.5,13,15.55,18.33,22.68,27.95,27040,32350,38130,47180,58140,,
99,U.S.,1,US,0,Cross-industry,cross-industry,1235,43-4120,"Library Assistants, Clerical",broad,83680,1.4,,,,,17.29,35970,0.3,11.3,13.79,16.36,19.86,24.14,23510,28670,34020,41300,50200,,
99,U.S.,1,US,0,Cross-industry,cross-industry,1235,43-4140,New Accounts Clerks,broad,41180,4.0,,,,,21.48,44670,0.9,16.85,18.26,21.46,23.43,27.12,35040,37970,44630,48730,56420,,
99,U.S.,1,US,0,Cross-industry,cross-industry,1235,43-4150,Order Clerks,broad,91830,2.1,,,,,20.93,43530,0.7,14.78,17.11,20,23.87,28.63,30730,35590,41600,49660,59560,,
99,U.S.,1,US,0,Cross-industry,cross-industry,1235,43-5030,Dispatchers,broad,303910,0.7,,,,,24.64,51250,0.2,15.55,18.41,22.85,28.95,36.47,32330,38280,47530,60220,75850,,
99,U.S.,1,US,0,Cross-industry,cross-industry,1235,43-5051,Postal Service Clerks,detailed,78130,0.0,,,,,28.48,59240,0.0,20.05,25.69,28.64,34.54,35.17,41700,53440,59570,71840,73150,,
99,U.S.,1,US,0,Cross-industry,cross-industry,1235,43-9021,Data Entry Keyers,detailed,154230,2.4,,,,,19.29,40130,0.4,13.58,15.7,18.17,22.13,26.6,28250,32660,37790,46020,55330,,
99,U.S.,1,US,0,Cross-industry,cross-industry,1235,43-9060,"Office Clerks, General",broad,2496370,0.8,,,,,20.94,43560,0.1,13.57,16.18,19.46,23.95,29.66,28230,33660,40480,49820,61690,,
99,U.S.,1,US,0,Cross-industry,cross-industry,1235,43-9070,"Office Machine Operators, Except Computer",broad,27960,3.3,,,,,19.04,39600,0.6,13.68,15.41,18.01,21.54,25.75,28450,32040,37450,44790,53560,,
99,U.S.,1,US,0,Cross-industry,cross-industry,1235,43-9110,Statistical Assistants,broad,7200,3.6,,,,,25.92,53900,0.9,17.05,20.88,24.29,29.79,36.96,35460,43440,50510,61960,76880,,
99,U.S.,1,US,0,Cross-industry,cross-industry,1235,45-2091,Agricultural Equipment Operators,detailed,28910,3.7,,,,,20.12,41850,1.0,14.45,16.92,19.08,22.43,26.23,30050,35190,39690,46650,54550,,
99,U.S.,1,US,0,Cross-industry,cross-industry,1235,45-4022,Logging Equipment Operators,detailed,23720,1.9,,,,,23.94,49790,0.9,14.87,18.22,23.19,28.85,33.05,30930,37900,48240,60000,68750,,
99,U.S.,1,US,0,Cross-industry,cross-industry,1235,47-2010,Boilermakers,broad,11130,4.6,,,,,35.5,73840,1.7,23.81,29.43,34.2,41,49.1,49510,61220,71140,85270,102120,,
99,U.S.,1,US,0,Cross-industry,cross-industry,1235,47-2030,Carpenters,broad,700290,1.9,,,,,29.31,60970,0.4,18,22.18,27.09,34.75,45.47,37440,46130,56350,72290,94580,,
99,U.S.,1,US,0,Cross-industry,cross-industry,1235,47-2041,Carpet Installers,detailed,15560,4.7,,,,,25.14,52290,1.9,14.98,17.76,22.85,29.6,38.78,31160,36930,47520,61580,80650,,
99,U.S.,1,US,0,Cross-industry,cross-industry,1235,47-2070,Construction Equipment Operators,broad,496460,0.9,,,,,29.63,61620,0.3,18.37,22.12,26.57,34.69,45.58,38200,46020,55270,72160,94800,,
99,U.S.,1,US,0,Cross-industry,cross-industry,1235,47-2072,Pile Driver Operators,detailed,3010,7.7,,,,,33.78,70260,3.7,19.64,23.74,30.55,43.97,52.42,40840,49370,63550,91460,109030,,
99,U.S.,1,US,0,Cross-industry,cross-industry,1235,47-2110,Electricians,broad,712580,0.6,,,,,32.6,67810,0.4,18.49,23.13,29.61,38.59,50.09,38470,48100,61590,80260,104180,,
99,U.S.,1,US,0,Cross-industry,cross-industry,1235,47-2132,"Insulation Workers, Mechanical",detailed,22850,4.3,,,,,29.1,60530,1.4,18.71,22.16,25.92,34.23,43.63,38910,46090,53920,71200,90760,,
99,U.S.,1,US,0,Cross-industry,cross-industry,1235,47-2180,Roofers,broad,135140,1.2,,,,,26.85,55840,0.7,17.42,21.23,24.05,29.97,38.39,36240,44150,50030,62330,79850,,
99,U.S.,1,US,0,Cross-industry,cross-industry,1235,47-2210,Sheet Metal Workers,broad,116190,2.1,,,,,30.9,64270,0.9,17.79,22.04,28.26,37.8,48.49,37000,45840,58780,78620,100850,,
99,U.S.,1,US,0,Cross-industry,cross-industry,1235,47-2230,Solar Photovoltaic Installers,broad,24510,4.8,,,,,25.55,53140,1.3,18.23,20.55,23.46,28.93,35.37,37920,42740,48800,60180,73560,,
99,U.S.,1,US,0,Cross-industry,cross-industry,1235,47-3012,Helpers--Carpenters,detailed,21770,5.4,,,,,19.65,40860,0.9,14.39,16.56,18.93,22.38,25.85,29930,34450,39380,46540,53780,,
99,U.S.,1,US,0,Cross-industry,cross-industry,1235,47-3013,Helpers--Electricians,detailed,68670,3.4,,,,,19.83,41240,0.7,14.41,16.85,18.43,22.34,26.88,29970,35040,38340,46470,55900,,
99,U.S.,1,US,0,Cross-industry,cross-industry,1235,47-3016,Helpers--Roofers,detailed,4540,6.4,,,,,20.33,42280,2.5,14.44,16.83,18.57,21.83,26.56,30040,35010,38620,45400,55250,,
99,U.S.,1,US,0,Cross-industry,cross-industry,1235,47-4050,Highway Maintenance Workers,broad,150860,0.9,,,,,23.59,49070,0.3,15.52,18.66,22.77,27.53,31.95,32280,38810,47360,57260,66450,,
99,U.S.,1,US,0,Cross-industry,cross-industry,1235,47-5041,Continuous Mining Machine Operators,detailed,15700,3.3,,,,,29.86,62110,0.9,19.29,23.77,29.53,36.41,38.87,40120,49450,61420,75730,80840,,
99,U.S.,1,US,0,Cross-industry,cross-industry,1235,49-2091,Avionics Technicians,detailed,21280,2.8,,,,,37.06,77080,0.8,22.39,29.75,37.22,44.19,51.62,46570,61880,77420,91910,107370,,
99,U.S.,1,US,0,Cross-industry,cross-industry,1235,49-3042,"Mobile Heavy Equipment Mechanics, Except Engines",detailed,177280,1.2,,,,,30.93,64340,0.8,20.67,24.24,29.76,36.18,41.21,42990,50420,61900,75260,85720,,
99,U.S.,1,US,0,Cross-industry,cross-industry,1235,49-3043,Rail Car Repairers,detailed,19480,1.9,,,,,31.58,65690,0.6,21.22,23.99,31.27,37.62,42.44,44140,49900,65030,78240,88280,,
99,U.S.,1,US,0,Cross-industry,cross-industry,1235,49-3050,Small Engine Mechanics,broad,73630,1.5,,,,,23.11,48070,0.3,15.18,18,22.36,27.4,31.54,31580,37440,46500,57000,65600,,
99,U.S.,1,US,0,Cross-industry,cross-industry,1235,49-3052,Motorcycle Mechanics,detailed,14330,3.2,,,,,23.06,47960,0.6,14.52,17.78,22.24,27.94,32.56,30200,36980,46270,58110,67730,,
99,U.S.,1,US,0,Cross-industry,cross-industry,1235,49-3091,Bicycle Repairers,detailed,13980,4.2,,,,,18.92,39360,0.8,13.78,16.41,18.42,21.7,23.51,28670,34140,38320,45130,48910,,
99,U.S.,1,US,0,Cross-industry,cross-industry,1235,49-3092,Recreational Vehicle Service Technicians,detailed,17360,5.2,,,,,24.37,50690,1.0,16.18,18.6,23.05,28.94,34.85,33660,38690,47950,60200,72500,,
99,U.S.,1,US,0,Cross-industry,cross-industry,1235,49-9011,Mechanical Door Repairers,detailed,27800,3.9,,,,,24.83,51640,0.8,17.42,20.35,23.39,28.7,33.53,36240,42330,48650,59700,69750,,
99,U.S.,1,US,0,Cross-industry,cross-industry,1235,49-9030,Home Appliance Repairers,broad,29950,2.6,,,,,24.35,50640,1.7,14.95,18.11,22.68,28.48,34.93,31100,37660,47170,59240,72660,,
99,U.S.,1,US,0,Cross-industry,cross-industry,1235,49-9041,Industrial Machinery Mechanics,detailed,412650,0.6,,,,,30.62,63690,0.3,20.38,23.94,29.53,36.07,41.33,42390,49780,61420,75030,85970,,
99,U.S.,1,US,0,Cross-industry,cross-industry,1235,49-9043,"Maintenance Workers, Machinery",detailed,58040,1.5,,,,,28.13,58500,0.4,18,22.25,27.57,32.37,38.83,37440,46280,57350,67320,80770,,
99,U.S.,1,US,0,Cross-industry,cross-industry,1235,49-9044,Millwrights,detailed,37930,2.4,,,,,30.92,64310,0.8,20.75,24.77,30.28,36.72,39.76,43160,51530,62980,76380,82700,,
99,U.S.,1,US,0,Cross-industry,cross-industry,1235,49-9045,"Refractory Materials Repairers, Except Brickmasons",detailed,540,9.9,,,,,23.99,49900,1.5,14.97,17.18,23.27,30.13,33.65,31130,35730,48410,62670,69990,,
99,U.S.,1,US,0,Cross-industry,cross-industry,1235,49-9062,Medical Equipment Repairers,detailed,64400,2.2,,,,,30.84,64140,0.9,17.7,21.72,29.17,37.58,47.01,36810,45180,60670,78160,97780,,
99,U.S.,1,US,0,Cross-industry,cross-industry,1235,49-9080,Wind Turbine Service Technicians,broad,9800,6.7,,,,,31.43,65380,1.5,22.77,25.37,29.7,36.03,43.41,47360,52770,61770,74940,90300,,
99,U.S.,1,US,0,Cross-industry,cross-industry,1235,51-0000,Production Occupations,major,8770170,0.1,,,,,22.9,47620,0.2,14.69,17.3,20.98,26.39,33.83,30550,35980,43630,54880,70370,,
99,U.S.,1,US,0,Cross-industry,cross-industry,1235,51-1000,Supervisors of Production Workers,minor,671160,0.3,,,,,34.48,71730,0.2,20.93,25,31.7,39.75,49.9,43540,52000,65930,82680,103780,,
99,U.S.,1,US,0,Cross-industry,cross-industry,1235,51-5100,Printing Workers,minor,213920,0.7,,,,,21.17,44030,0.3,14.3,17,19.65,23.83,29.31,29750,35370,40870,49560,60970,,
99,U.S.,1,US,0,Cross-industry,cross-industry,1235,51-5112,Printing Press Operators,detailed,151450,1.1,,,,,21.37,44450,0.4,14.32,17.1,20.13,24.12,29.57,29790,35560,41860,50160,61500,,
99,U.S.,1,US,0,Cross-industry,cross-industry,1235,51-6030,Sewing Machine Operators,broad,116130,1.3,,,,,16.83,35000,0.4,12.19,14.27,16.56,18.43,21.81,25360,29690,34440,38340,45360,,
99,U.S.,1,US,0,Cross-industry,cross-industry,1235,51-7000,Woodworkers,minor,216330,0.9,,,,,20.3,42210,0.3,14.28,16.94,18.92,22.88,27.6,29700,35240,39350,47590,57400,,
99,U.S.,1,US,0,Cross-industry,cross-industry,1235,51-7031,"Model Makers, Wood",detailed,590,14.1,,,,,25.25,52510,3.7,16.29,18,21.66,30.65,40.43,33880,37440,45040,63740,84090,,
99,U.S.,1,US,0,Cross-industry,cross-industry,1235,51-7032,"Patternmakers, Wood",detailed,260,19.8,,,,,25.16,52330,4.0,18.61,21.03,23.38,26.46,36.28,38700,43730,48630,55030,75460,,
99,U.S.,1,US,0,Cross-industry,cross-industry,1235,51-7090,Miscellaneous Woodworkers,broad,7830,4.9,,,,,19,39520,1.0,13.58,15.65,18.15,21.56,26.28,28250,32540,37760,44840,54660,,
99,U.S.,1,US,0,Cross-industry,cross-industry,1235,51-7099,"Woodworkers, All Other",detailed,7830,4.9,,,,,19,39520,1.0,13.58,15.65,18.15,21.56,26.28,28250,32540,37760,44840,54660,,
99,U.S.,1,US,0,Cross-industry,cross-industry,1235,51-8011,Nuclear Power Reactor Operators,detailed,5760,1.4,,,,,58.29,121240,0.4,44.36,49.94,57.86,64.47,73.07,92270,103880,120350,134100,151980,,
99,U.S.,1,US,0,Cross-industry,cross-industry,1235,51-8013,Power Plant Operators,detailed,31490,1.9,,,,,44.17,91880,0.5,26,35.03,46.64,51.34,59.19,54080,72860,97010,106780,123120,,
99,U.S.,1,US,0,Cross-industry,cross-industry,1235,51-8092,Gas Plant Operators,detailed,15930,4.3,,,,,39.91,83020,0.9,25.64,31.85,39.69,47.68,52.09,53330,66250,82560,99180,108340,,
99,U.S.,1,US,0,Cross-industry,cross-industry,1235,51-9000,Other Production Occupations,minor,2532530,0.3,,,,,22.46,46710,0.2,15.02,17.43,21.1,25.63,31.26,31250,36250,43880,53310,65010,,
99,U.S.,1,US,0,Cross-industry,cross-industry,1235,51-9081,Dental Laboratory Technicians,detailed,34190,2.0,,,,,25.19,52390,0.6,16.32,18.39,22.93,29.27,37.24,33940,38250,47690,60880,77460,,
99,U.S.,1,US,0,Cross-industry,cross-industry,1235,51-9082,Medical Appliance Technicians,detailed,12550,5.9,,,,,23.49,48860,1.2,16.9,18.38,21.62,25.42,33.68,35160,38220,44960,52880,70060,,
99,U.S.,1,US,0,Cross-industry,cross-industry,1235,51-9083,Ophthalmic Laboratory Technicians,detailed,18240,5.4,,,,,19.85,41280,1.2,14.44,16.65,18.13,21.9,26.72,30030,34630,37720,45540,55580,,
99,U.S.,1,US,0,Cross-industry,cross-industry,1235,51-9140,Semiconductor Processing Technicians,broad,26450,2.7,,,,,23.54,48970,0.3,15.2,18.51,22.04,27.24,32.63,31610,38510,45850,56660,67870,,
99,U.S.,1,US,0,Cross-industry,cross-industry,1235,51-9161,Computer Numerically Controlled Tool Operators,detailed,187670,1.5,,,,,24.54,51030,0.3,17.49,19.42,23.34,28.67,32.2,36380,40390,48550,59630,66970,,
99,U.S.,1,US,0,Cross-industry,cross-industry,1235,51-9162,Computer Numerically Controlled Tool Programmers,detailed,28030,1.9,,,,,32.52,67650,0.6,22.11,25.84,30.5,37.6,45.61,45980,53750,63440,78200,94880,,
99,U.S.,1,US,0,Cross-industry,cross-industry,1235,51-9190,Miscellaneous Production Workers,broad,623280,0.6,,,,,20.36,42360,0.3,14.33,16.5,18.63,23.09,28.53,29800,34310,38750,48020,59350,,
99,U.S.,1,US,0,Cross-industry,cross-industry,1235,51-9198,Helpers--Production Workers,detailed,181810,1.0,,,,,18.35,38160,0.4,13.76,15.58,17.65,20.48,24,28630,32400,36700,42600,49910,,
99,U.S.,1,US,0,Cross-industry,cross-industry,1235,51-9199,"Production Workers, All Other",detailed,243500,1.1,,,,,19.9,41400,0.3,14.05,15.9,18,22.36,28.41,29220,33070,37430,46520,59090,,
99,U.S.,1,US,0,Cross-industry,cross-industry,1235,53-1041,Aircraft Cargo Handling Supervisors,detailed,9020,2.9,,,,,31.23,64950,0.6,22.01,24.23,28.33,36.67,43.94,45770,50390,58920,76270,91400,,
99,U.S.,1,US,0,Cross-industry,cross-industry,1235,53-2000,Air Transportation Workers,minor,313070,0.9,,,,,*,140030,0.9,*,*,*,*,*,45190,65040,97320,175250,#,True,
99,U.S.,1,US,0,Cross-industry,cross-industry,1235,53-2012,Commercial Pilots,detailed,52750,2.0,,,,,*,138010,1.2,*,*,*,*,*,56260,79440,113080,168700,#,True,
99,U.S.,1,US,0,Cross-industry,cross-industry,1235,53-2021,Air Traffic Controllers,detailed,22310,0.7,,,,,65.77,136790,0.3,36.63,46.57,66.05,84.96,96.63,76190,96870,137380,176720,200990,,
99,U.S.,1,US,0,Cross-industry,cross-industry,1235,53-2022,Airfield Operations Specialists,detailed,18320,3.2,,,,,29.88,62140,1.2,16.28,19.09,24.59,35.77,51.38,33870,39700,51140,74410,106860,,
99,U.S.,1,US,0,Cross-industry,cross-industry,1235,53-2030,Flight Attendants,broad,126020,1.1,,,,,*,70980,0.4,*,*,*,*,*,39580,49690,68370,86610,104100,True,
99,U.S.,1,US,0,Cross-industry,cross-industry,1235,53-3000,Motor Vehicle Operators,minor,4353340,0.4,,,,,23.96,49830,0.2,13.99,17.95,22.83,28.81,35.77,29100,37340,47490,59920,74410,,
99,U.S.,1,US,0,Cross-industry,cross-industry,1235,53-3031,Driver/Sales Workers,detailed,463120,2.4,,,,,18.38,38230,0.9,10,12.45,17.03,22.42,29.37,20800,25900,35420,46640,61080,,
99,U.S.,1,US,0,Cross-industry,cross-industry,1235,53-3033,Light Truck Drivers,detailed,1003960,0.5,,,,,22.16,46090,0.2,13.5,16.88,20.42,24.57,36.1,28070,35110,42470,51110,75090,,
99,U.S.,1,US,0,Cross-industry,cross-industry,1235,53-3050,Passenger Vehicle Drivers,broad,779210,0.6,,,,,22.25,46280,0.3,13.5,16.69,21.19,26.66,33.29,28070,34700,44080,55450,69250,,
99,U.S.,1,US,0,Cross-industry,cross-industry,1235,53-3090,Miscellaneous Motor Vehicle Operators,broad,51140,3.5,,,,,19.22,39970,1.4,11.8,13.89,17.16,22.33,30.49,24550,28890,35690,46440,63410,,
99,U.S.,1,US,0,Cross-industry,cross-industry,1235,53-3099,"Motor Vehicle Operators, All Other",detailed,51140,3.5,,,,,19.22,39970,1.4,11.8,13.89,17.16,22.33,30.49,24550,28890,35690,46440,63410,,
99,U.S.,1,US,0,Cross-industry,cross-industry,1235,53-4000,Rail Transportation Workers,minor,111600,0.3,,,,,34.69,72150,0.3,24.79,30.13,35.53,38.75,43.21,51550,62670,73890,80600,89880,,
99,U.S.,1,US,0,Cross-industry,cross-industry,1235,53-4090,Miscellaneous Rail Transportation Workers,broad,1830,8.6,,,,,24.39,50730,1.4,17.03,18.91,21.47,26.12,41.1,35420,39330,44660,54320,85490,,
99,U.S.,1,US,0,Cross-industry,cross-industry,1235,53-4099,"Rail Transportation Workers, All Other",detailed,1830,8.6,,,,,24.39,50730,1.4,17.03,18.91,21.47,26.12,41.1,35420,39330,44660,54320,85490,,
99,U.S.,1,US,0,Cross-industry,cross-industry,1235,53-5000,Water Transportation Workers,minor,76040,2.2,,,,,38,79030,1.3,17.25,22.66,31.22,47.86,64.38,35880,47130,64930,99560,133910,,
99,U.S.,1,US,0,Cross-industry,cross-industry,1235,53-5022,Motorboat Operators,detailed,2710,8.2,,,,,24.91,51810,2.4,13.89,17.24,22.32,31.01,38.92,28890,35860,46420,64490,80960,,
99,U.S.,1,US,0,Cross-industry,cross-industry,1235,53-5030,Ship Engineers,broad,8860,3.4,,,,,48.34,100550,1.1,27.47,33.12,45.32,58.84,68.23,57140,68880,94270,122390,141910,,
99,U.S.,1,US,0,Cross-industry,cross-industry,1235,53-6000,Other Transportation Workers,minor,305390,1.9,,,,,19.28,40110,0.6,12.76,14.39,16.84,19.77,28.48,26540,29930,35020,41120,59250,,
99,U.S.,1,US,0,Cross-industry,cross-industry,1235,53-6040,Traffic Technicians,broad,7530,2.4,,,,,27.25,56680,0.7,17.45,20.56,25.12,32.39,37.9,36290,42770,52240,67370,78840,,
99,U.S.,1,US,0,Cross-industry,cross-industry,1235,53-6050,Transportation Inspectors,broad,27670,1.8,,,,,40.35,83920,0.8,19.13,28.9,41.96,46.94,62.03,39790,60110,87290,97630,129020,,
99,U.S.,1,US,0,Cross-industry,cross-industry,1235,53-7000,Material Moving Workers,minor,7989980,0.2,,,,,19.05,39620,0.2,14.01,15.96,17.93,21.49,24.93,29140,33200,37290,44710,51860,,
99,U.S.,1,US,0,Cross-industry,cross-industry,1235,53-7030,Dredge Operators,broad,940,9.7,,,,,25.82,53700,1.7,18.21,21,24.25,29.17,34.89,37870,43670,50440,60670,72570,,
99,U.S.,1,US,0,Cross-industry,cross-industry,1235,53-7070,Pumping Station Operators,broad,34200,3.9,,,,,31.41,65320,1.4,17.95,23.02,30.06,38.11,45.23,37340,47890,62530,79270,94070,,
99,U.S.,1,US,0,Cross-industry,cross-industry,1235,53-7072,"Pump Operators, Except Wellhead Pumpers",detailed,11570,5.5,,,,,28.2,58650,2.0,17.45,21.02,26.29,34.94,41.07,36290,43720,54690,72680,85430,,
99,U.S.,1,US,0,Cross-industry,cross-industry,1235,53-7190,Miscellaneous Material Moving Workers,broad,23970,3.4,,,,,22.04,45840,1.0,15.5,16.75,19.38,23.3,30.5,32240,34830,40310,48460,63430,,
99,U.S.,1,US,0,Cross-industry,cross-industry,1235,53-7199,"Material Moving Workers, All Other",detailed,23970,3.4,,,,,22.04,45840,1.0,15.5,16.75,19.38,23.3,30.5,32240,34830,40310,48460,63430,,
